[{"model": "admin.logentry", "pk": 1, "fields": {"action_time": "2023-02-24T15:16:10.724+07:00", "user": 1, "content_type": 32, "object_id": "2", "object_repr": "Userlogin object (2)", "action_flag": 1, "change_message": "[{\"added\": {}}]"}}, {"model": "admin.logentry", "pk": 2, "fields": {"action_time": "2023-03-10T15:18:26.840+07:00", "user": 1, "content_type": 32, "object_id": "2", "object_repr": "Userlogin object (2)", "action_flag": 2, "change_message": "[{\"changed\": {\"fields\": [\"Password\"]}}]"}}, {"model": "auth.permission", "pk": 1, "fields": {"name": "Can add log entry", "content_type": 1, "codename": "add_logentry"}}, {"model": "auth.permission", "pk": 2, "fields": {"name": "Can change log entry", "content_type": 1, "codename": "change_logentry"}}, {"model": "auth.permission", "pk": 3, "fields": {"name": "Can delete log entry", "content_type": 1, "codename": "delete_logentry"}}, {"model": "auth.permission", "pk": 4, "fields": {"name": "Can view log entry", "content_type": 1, "codename": "view_logentry"}}, {"model": "auth.permission", "pk": 5, "fields": {"name": "Can add permission", "content_type": 2, "codename": "add_permission"}}, {"model": "auth.permission", "pk": 6, "fields": {"name": "Can change permission", "content_type": 2, "codename": "change_permission"}}, {"model": "auth.permission", "pk": 7, "fields": {"name": "Can delete permission", "content_type": 2, "codename": "delete_permission"}}, {"model": "auth.permission", "pk": 8, "fields": {"name": "Can view permission", "content_type": 2, "codename": "view_permission"}}, {"model": "auth.permission", "pk": 9, "fields": {"name": "Can add group", "content_type": 3, "codename": "add_group"}}, {"model": "auth.permission", "pk": 10, "fields": {"name": "Can change group", "content_type": 3, "codename": "change_group"}}, {"model": "auth.permission", "pk": 11, "fields": {"name": "Can delete group", "content_type": 3, "codename": "delete_group"}}, {"model": "auth.permission", "pk": 12, "fields": {"name": "Can view group", "content_type": 3, "codename": "view_group"}}, {"model": "auth.permission", "pk": 13, "fields": {"name": "Can add user", "content_type": 4, "codename": "add_user"}}, {"model": "auth.permission", "pk": 14, "fields": {"name": "Can change user", "content_type": 4, "codename": "change_user"}}, {"model": "auth.permission", "pk": 15, "fields": {"name": "Can delete user", "content_type": 4, "codename": "delete_user"}}, {"model": "auth.permission", "pk": 16, "fields": {"name": "Can view user", "content_type": 4, "codename": "view_user"}}, {"model": "auth.permission", "pk": 17, "fields": {"name": "Can add content type", "content_type": 5, "codename": "add_contenttype"}}, {"model": "auth.permission", "pk": 18, "fields": {"name": "Can change content type", "content_type": 5, "codename": "change_contenttype"}}, {"model": "auth.permission", "pk": 19, "fields": {"name": "Can delete content type", "content_type": 5, "codename": "delete_contenttype"}}, {"model": "auth.permission", "pk": 20, "fields": {"name": "Can view content type", "content_type": 5, "codename": "view_contenttype"}}, {"model": "auth.permission", "pk": 21, "fields": {"name": "Can add session", "content_type": 6, "codename": "add_session"}}, {"model": "auth.permission", "pk": 22, "fields": {"name": "Can change session", "content_type": 6, "codename": "change_session"}}, {"model": "auth.permission", "pk": 23, "fields": {"name": "Can delete session", "content_type": 6, "codename": "delete_session"}}, {"model": "auth.permission", "pk": 24, "fields": {"name": "Can view session", "content_type": 6, "codename": "view_session"}}, {"model": "auth.permission", "pk": 25, "fields": {"name": "Can add auth group", "content_type": 7, "codename": "add_authgroup"}}, {"model": "auth.permission", "pk": 26, "fields": {"name": "Can change auth group", "content_type": 7, "codename": "change_authgroup"}}, {"model": "auth.permission", "pk": 27, "fields": {"name": "Can delete auth group", "content_type": 7, "codename": "delete_authgroup"}}, {"model": "auth.permission", "pk": 28, "fields": {"name": "Can view auth group", "content_type": 7, "codename": "view_authgroup"}}, {"model": "auth.permission", "pk": 29, "fields": {"name": "Can add auth group permissions", "content_type": 8, "codename": "add_authgrouppermissions"}}, {"model": "auth.permission", "pk": 30, "fields": {"name": "Can change auth group permissions", "content_type": 8, "codename": "change_authgrouppermissions"}}, {"model": "auth.permission", "pk": 31, "fields": {"name": "Can delete auth group permissions", "content_type": 8, "codename": "delete_authgrouppermissions"}}, {"model": "auth.permission", "pk": 32, "fields": {"name": "Can view auth group permissions", "content_type": 8, "codename": "view_authgrouppermissions"}}, {"model": "auth.permission", "pk": 33, "fields": {"name": "Can add auth permission", "content_type": 9, "codename": "add_authpermission"}}, {"model": "auth.permission", "pk": 34, "fields": {"name": "Can change auth permission", "content_type": 9, "codename": "change_authpermission"}}, {"model": "auth.permission", "pk": 35, "fields": {"name": "Can delete auth permission", "content_type": 9, "codename": "delete_authpermission"}}, {"model": "auth.permission", "pk": 36, "fields": {"name": "Can view auth permission", "content_type": 9, "codename": "view_authpermission"}}, {"model": "auth.permission", "pk": 37, "fields": {"name": "Can add auth user", "content_type": 10, "codename": "add_authuser"}}, {"model": "auth.permission", "pk": 38, "fields": {"name": "Can change auth user", "content_type": 10, "codename": "change_authuser"}}, {"model": "auth.permission", "pk": 39, "fields": {"name": "Can delete auth user", "content_type": 10, "codename": "delete_authuser"}}, {"model": "auth.permission", "pk": 40, "fields": {"name": "Can view auth user", "content_type": 10, "codename": "view_authuser"}}, {"model": "auth.permission", "pk": 41, "fields": {"name": "Can add auth user groups", "content_type": 11, "codename": "add_authusergroups"}}, {"model": "auth.permission", "pk": 42, "fields": {"name": "Can change auth user groups", "content_type": 11, "codename": "change_authusergroups"}}, {"model": "auth.permission", "pk": 43, "fields": {"name": "Can delete auth user groups", "content_type": 11, "codename": "delete_authusergroups"}}, {"model": "auth.permission", "pk": 44, "fields": {"name": "Can view auth user groups", "content_type": 11, "codename": "view_authusergroups"}}, {"model": "auth.permission", "pk": 45, "fields": {"name": "Can add auth user user permissions", "content_type": 12, "codename": "add_authuseruserpermissions"}}, {"model": "auth.permission", "pk": 46, "fields": {"name": "Can change auth user user permissions", "content_type": 12, "codename": "change_authuseruserpermissions"}}, {"model": "auth.permission", "pk": 47, "fields": {"name": "Can delete auth user user permissions", "content_type": 12, "codename": "delete_authuseruserpermissions"}}, {"model": "auth.permission", "pk": 48, "fields": {"name": "Can view auth user user permissions", "content_type": 12, "codename": "view_authuseruserpermissions"}}, {"model": "auth.permission", "pk": 49, "fields": {"name": "Can add chatlist", "content_type": 13, "codename": "add_chatlist"}}, {"model": "auth.permission", "pk": 50, "fields": {"name": "Can change chatlist", "content_type": 13, "codename": "change_chatlist"}}, {"model": "auth.permission", "pk": 51, "fields": {"name": "Can delete chatlist", "content_type": 13, "codename": "delete_chatlist"}}, {"model": "auth.permission", "pk": 52, "fields": {"name": "Can view chatlist", "content_type": 13, "codename": "view_chatlist"}}, {"model": "auth.permission", "pk": 53, "fields": {"name": "Can add django admin log", "content_type": 14, "codename": "add_djangoadminlog"}}, {"model": "auth.permission", "pk": 54, "fields": {"name": "Can change django admin log", "content_type": 14, "codename": "change_djangoadminlog"}}, {"model": "auth.permission", "pk": 55, "fields": {"name": "Can delete django admin log", "content_type": 14, "codename": "delete_djangoadminlog"}}, {"model": "auth.permission", "pk": 56, "fields": {"name": "Can view django admin log", "content_type": 14, "codename": "view_djangoadminlog"}}, {"model": "auth.permission", "pk": 57, "fields": {"name": "Can add django content type", "content_type": 15, "codename": "add_djangocontenttype"}}, {"model": "auth.permission", "pk": 58, "fields": {"name": "Can change django content type", "content_type": 15, "codename": "change_djangocontenttype"}}, {"model": "auth.permission", "pk": 59, "fields": {"name": "Can delete django content type", "content_type": 15, "codename": "delete_djangocontenttype"}}, {"model": "auth.permission", "pk": 60, "fields": {"name": "Can view django content type", "content_type": 15, "codename": "view_djangocontenttype"}}, {"model": "auth.permission", "pk": 61, "fields": {"name": "Can add django migrations", "content_type": 16, "codename": "add_djangomigrations"}}, {"model": "auth.permission", "pk": 62, "fields": {"name": "Can change django migrations", "content_type": 16, "codename": "change_djangomigrations"}}, {"model": "auth.permission", "pk": 63, "fields": {"name": "Can delete django migrations", "content_type": 16, "codename": "delete_djangomigrations"}}, {"model": "auth.permission", "pk": 64, "fields": {"name": "Can view django migrations", "content_type": 16, "codename": "view_djangomigrations"}}, {"model": "auth.permission", "pk": 65, "fields": {"name": "Can add django session", "content_type": 17, "codename": "add_djangosession"}}, {"model": "auth.permission", "pk": 66, "fields": {"name": "Can change django session", "content_type": 17, "codename": "change_djangosession"}}, {"model": "auth.permission", "pk": 67, "fields": {"name": "Can delete django session", "content_type": 17, "codename": "delete_djangosession"}}, {"model": "auth.permission", "pk": 68, "fields": {"name": "Can view django session", "content_type": 17, "codename": "view_djangosession"}}, {"model": "auth.permission", "pk": 69, "fields": {"name": "Can add contactus", "content_type": 18, "codename": "add_contactus"}}, {"model": "auth.permission", "pk": 70, "fields": {"name": "Can change contactus", "content_type": 18, "codename": "change_contactus"}}, {"model": "auth.permission", "pk": 71, "fields": {"name": "Can delete contactus", "content_type": 18, "codename": "delete_contactus"}}, {"model": "auth.permission", "pk": 72, "fields": {"name": "Can view contactus", "content_type": 18, "codename": "view_contactus"}}, {"model": "auth.permission", "pk": 73, "fields": {"name": "Can add user first login", "content_type": 19, "codename": "add_userfirstlogin"}}, {"model": "auth.permission", "pk": 74, "fields": {"name": "Can change user first login", "content_type": 19, "codename": "change_userfirstlogin"}}, {"model": "auth.permission", "pk": 75, "fields": {"name": "Can delete user first login", "content_type": 19, "codename": "delete_userfirstlogin"}}, {"model": "auth.permission", "pk": 76, "fields": {"name": "Can view user first login", "content_type": 19, "codename": "view_userfirstlogin"}}, {"model": "auth.permission", "pk": 77, "fields": {"name": "Can add userlogin", "content_type": 20, "codename": "add_userlogin"}}, {"model": "auth.permission", "pk": 78, "fields": {"name": "Can change userlogin", "content_type": 20, "codename": "change_userlogin"}}, {"model": "auth.permission", "pk": 79, "fields": {"name": "Can delete userlogin", "content_type": 20, "codename": "delete_userlogin"}}, {"model": "auth.permission", "pk": 80, "fields": {"name": "Can view userlogin", "content_type": 20, "codename": "view_userlogin"}}, {"model": "auth.permission", "pk": 81, "fields": {"name": "Can add auth group", "content_type": 21, "codename": "add_authgroup"}}, {"model": "auth.permission", "pk": 82, "fields": {"name": "Can change auth group", "content_type": 21, "codename": "change_authgroup"}}, {"model": "auth.permission", "pk": 83, "fields": {"name": "Can delete auth group", "content_type": 21, "codename": "delete_authgroup"}}, {"model": "auth.permission", "pk": 84, "fields": {"name": "Can view auth group", "content_type": 21, "codename": "view_authgroup"}}, {"model": "auth.permission", "pk": 85, "fields": {"name": "Can add auth group permissions", "content_type": 22, "codename": "add_authgrouppermissions"}}, {"model": "auth.permission", "pk": 86, "fields": {"name": "Can change auth group permissions", "content_type": 22, "codename": "change_authgrouppermissions"}}, {"model": "auth.permission", "pk": 87, "fields": {"name": "Can delete auth group permissions", "content_type": 22, "codename": "delete_authgrouppermissions"}}, {"model": "auth.permission", "pk": 88, "fields": {"name": "Can view auth group permissions", "content_type": 22, "codename": "view_authgrouppermissions"}}, {"model": "auth.permission", "pk": 89, "fields": {"name": "Can add auth permission", "content_type": 23, "codename": "add_authpermission"}}, {"model": "auth.permission", "pk": 90, "fields": {"name": "Can change auth permission", "content_type": 23, "codename": "change_authpermission"}}, {"model": "auth.permission", "pk": 91, "fields": {"name": "Can delete auth permission", "content_type": 23, "codename": "delete_authpermission"}}, {"model": "auth.permission", "pk": 92, "fields": {"name": "Can view auth permission", "content_type": 23, "codename": "view_authpermission"}}, {"model": "auth.permission", "pk": 93, "fields": {"name": "Can add auth user", "content_type": 24, "codename": "add_authuser"}}, {"model": "auth.permission", "pk": 94, "fields": {"name": "Can change auth user", "content_type": 24, "codename": "change_authuser"}}, {"model": "auth.permission", "pk": 95, "fields": {"name": "Can delete auth user", "content_type": 24, "codename": "delete_authuser"}}, {"model": "auth.permission", "pk": 96, "fields": {"name": "Can view auth user", "content_type": 24, "codename": "view_authuser"}}, {"model": "auth.permission", "pk": 97, "fields": {"name": "Can add auth user groups", "content_type": 25, "codename": "add_authusergroups"}}, {"model": "auth.permission", "pk": 98, "fields": {"name": "Can change auth user groups", "content_type": 25, "codename": "change_authusergroups"}}, {"model": "auth.permission", "pk": 99, "fields": {"name": "Can delete auth user groups", "content_type": 25, "codename": "delete_authusergroups"}}, {"model": "auth.permission", "pk": 100, "fields": {"name": "Can view auth user groups", "content_type": 25, "codename": "view_authusergroups"}}, {"model": "auth.permission", "pk": 101, "fields": {"name": "Can add auth user user permissions", "content_type": 26, "codename": "add_authuseruserpermissions"}}, {"model": "auth.permission", "pk": 102, "fields": {"name": "Can change auth user user permissions", "content_type": 26, "codename": "change_authuseruserpermissions"}}, {"model": "auth.permission", "pk": 103, "fields": {"name": "Can delete auth user user permissions", "content_type": 26, "codename": "delete_authuseruserpermissions"}}, {"model": "auth.permission", "pk": 104, "fields": {"name": "Can view auth user user permissions", "content_type": 26, "codename": "view_authuseruserpermissions"}}, {"model": "auth.permission", "pk": 105, "fields": {"name": "Can add django admin log", "content_type": 27, "codename": "add_djangoadminlog"}}, {"model": "auth.permission", "pk": 106, "fields": {"name": "Can change django admin log", "content_type": 27, "codename": "change_djangoadminlog"}}, {"model": "auth.permission", "pk": 107, "fields": {"name": "Can delete django admin log", "content_type": 27, "codename": "delete_djangoadminlog"}}, {"model": "auth.permission", "pk": 108, "fields": {"name": "Can view django admin log", "content_type": 27, "codename": "view_djangoadminlog"}}, {"model": "auth.permission", "pk": 109, "fields": {"name": "Can add django content type", "content_type": 28, "codename": "add_djangocontenttype"}}, {"model": "auth.permission", "pk": 110, "fields": {"name": "Can change django content type", "content_type": 28, "codename": "change_djangocontenttype"}}, {"model": "auth.permission", "pk": 111, "fields": {"name": "Can delete django content type", "content_type": 28, "codename": "delete_djangocontenttype"}}, {"model": "auth.permission", "pk": 112, "fields": {"name": "Can view django content type", "content_type": 28, "codename": "view_djangocontenttype"}}, {"model": "auth.permission", "pk": 113, "fields": {"name": "Can add django migrations", "content_type": 29, "codename": "add_djangomigrations"}}, {"model": "auth.permission", "pk": 114, "fields": {"name": "Can change django migrations", "content_type": 29, "codename": "change_djangomigrations"}}, {"model": "auth.permission", "pk": 115, "fields": {"name": "Can delete django migrations", "content_type": 29, "codename": "delete_djangomigrations"}}, {"model": "auth.permission", "pk": 116, "fields": {"name": "Can view django migrations", "content_type": 29, "codename": "view_djangomigrations"}}, {"model": "auth.permission", "pk": 117, "fields": {"name": "Can add django session", "content_type": 30, "codename": "add_djangosession"}}, {"model": "auth.permission", "pk": 118, "fields": {"name": "Can change django session", "content_type": 30, "codename": "change_djangosession"}}, {"model": "auth.permission", "pk": 119, "fields": {"name": "Can delete django session", "content_type": 30, "codename": "delete_djangosession"}}, {"model": "auth.permission", "pk": 120, "fields": {"name": "Can view django session", "content_type": 30, "codename": "view_djangosession"}}, {"model": "auth.permission", "pk": 121, "fields": {"name": "Can add user first login", "content_type": 31, "codename": "add_userfirstlogin"}}, {"model": "auth.permission", "pk": 122, "fields": {"name": "Can change user first login", "content_type": 31, "codename": "change_userfirstlogin"}}, {"model": "auth.permission", "pk": 123, "fields": {"name": "Can delete user first login", "content_type": 31, "codename": "delete_userfirstlogin"}}, {"model": "auth.permission", "pk": 124, "fields": {"name": "Can view user first login", "content_type": 31, "codename": "view_userfirstlogin"}}, {"model": "auth.permission", "pk": 125, "fields": {"name": "Can add userlogin", "content_type": 32, "codename": "add_userlogin"}}, {"model": "auth.permission", "pk": 126, "fields": {"name": "Can change userlogin", "content_type": 32, "codename": "change_userlogin"}}, {"model": "auth.permission", "pk": 127, "fields": {"name": "Can delete userlogin", "content_type": 32, "codename": "delete_userlogin"}}, {"model": "auth.permission", "pk": 128, "fields": {"name": "Can view userlogin", "content_type": 32, "codename": "view_userlogin"}}, {"model": "auth.permission", "pk": 129, "fields": {"name": "Can add chatlist", "content_type": 33, "codename": "add_chatlist"}}, {"model": "auth.permission", "pk": 130, "fields": {"name": "Can change chatlist", "content_type": 33, "codename": "change_chatlist"}}, {"model": "auth.permission", "pk": 131, "fields": {"name": "Can delete chatlist", "content_type": 33, "codename": "delete_chatlist"}}, {"model": "auth.permission", "pk": 132, "fields": {"name": "Can view chatlist", "content_type": 33, "codename": "view_chatlist"}}, {"model": "auth.permission", "pk": 133, "fields": {"name": "Can add contactus", "content_type": 34, "codename": "add_contactus"}}, {"model": "auth.permission", "pk": 134, "fields": {"name": "Can change contactus", "content_type": 34, "codename": "change_contactus"}}, {"model": "auth.permission", "pk": 135, "fields": {"name": "Can delete contactus", "content_type": 34, "codename": "delete_contactus"}}, {"model": "auth.permission", "pk": 136, "fields": {"name": "Can view contactus", "content_type": 34, "codename": "view_contactus"}}, {"model": "auth.permission", "pk": 137, "fields": {"name": "Can add login attempt", "content_type": 35, "codename": "add_loginattempt"}}, {"model": "auth.permission", "pk": 138, "fields": {"name": "Can change login attempt", "content_type": 35, "codename": "change_loginattempt"}}, {"model": "auth.permission", "pk": 139, "fields": {"name": "Can delete login attempt", "content_type": 35, "codename": "delete_loginattempt"}}, {"model": "auth.permission", "pk": 140, "fields": {"name": "Can view login attempt", "content_type": 35, "codename": "view_loginattempt"}}, {"model": "auth.user", "pk": 1, "fields": {"password": "pbkdf2_sha256$260000$SQV47mjKNQhJRSDEXT6yxZ$wAzhyKkYF5P/43VQeMiJYqSjppNMLfr0HnIWcqijU3k=", "last_login": "2023-04-03T03:28:28.527Z", "is_superuser": true, "username": "admin", "first_name": "", "last_name": "", "email": "admin@example.com", "is_staff": true, "is_active": true, "date_joined": "2023-02-24T15:12:55.703+07:00", "groups": [], "user_permissions": []}}, {"model": "contenttypes.contenttype", "pk": 1, "fields": {"app_label": "admin", "model": "logentry"}}, {"model": "contenttypes.contenttype", "pk": 2, "fields": {"app_label": "auth", "model": "permission"}}, {"model": "contenttypes.contenttype", "pk": 3, "fields": {"app_label": "auth", "model": "group"}}, {"model": "contenttypes.contenttype", "pk": 4, "fields": {"app_label": "auth", "model": "user"}}, {"model": "contenttypes.contenttype", "pk": 5, "fields": {"app_label": "contenttypes", "model": "contenttype"}}, {"model": "contenttypes.contenttype", "pk": 6, "fields": {"app_label": "sessions", "model": "session"}}, {"model": "contenttypes.contenttype", "pk": 7, "fields": {"app_label": "FirstApp", "model": "authgroup"}}, {"model": "contenttypes.contenttype", "pk": 8, "fields": {"app_label": "FirstApp", "model": "authgrouppermissions"}}, {"model": "contenttypes.contenttype", "pk": 9, "fields": {"app_label": "FirstApp", "model": "authpermission"}}, {"model": "contenttypes.contenttype", "pk": 10, "fields": {"app_label": "FirstApp", "model": "authuser"}}, {"model": "contenttypes.contenttype", "pk": 11, "fields": {"app_label": "FirstApp", "model": "authusergroups"}}, {"model": "contenttypes.contenttype", "pk": 12, "fields": {"app_label": "FirstApp", "model": "authuseruserpermissions"}}, {"model": "contenttypes.contenttype", "pk": 13, "fields": {"app_label": "FirstApp", "model": "chatlist"}}, {"model": "contenttypes.contenttype", "pk": 14, "fields": {"app_label": "FirstApp", "model": "djangoadminlog"}}, {"model": "contenttypes.contenttype", "pk": 15, "fields": {"app_label": "FirstApp", "model": "djangocontenttype"}}, {"model": "contenttypes.contenttype", "pk": 16, "fields": {"app_label": "FirstApp", "model": "djangomigrations"}}, {"model": "contenttypes.contenttype", "pk": 17, "fields": {"app_label": "FirstApp", "model": "djangosession"}}, {"model": "contenttypes.contenttype", "pk": 18, "fields": {"app_label": "FirstApp", "model": "contactus"}}, {"model": "contenttypes.contenttype", "pk": 19, "fields": {"app_label": "FirstApp", "model": "userfirstlogin"}}, {"model": "contenttypes.contenttype", "pk": 20, "fields": {"app_label": "FirstApp", "model": "userlogin"}}, {"model": "contenttypes.contenttype", "pk": 21, "fields": {"app_label": "Home", "model": "authgroup"}}, {"model": "contenttypes.contenttype", "pk": 22, "fields": {"app_label": "Home", "model": "authgrouppermissions"}}, {"model": "contenttypes.contenttype", "pk": 23, "fields": {"app_label": "Home", "model": "authpermission"}}, {"model": "contenttypes.contenttype", "pk": 24, "fields": {"app_label": "Home", "model": "authuser"}}, {"model": "contenttypes.contenttype", "pk": 25, "fields": {"app_label": "Home", "model": "authusergroups"}}, {"model": "contenttypes.contenttype", "pk": 26, "fields": {"app_label": "Home", "model": "authuseruserpermissions"}}, {"model": "contenttypes.contenttype", "pk": 27, "fields": {"app_label": "Home", "model": "djangoadminlog"}}, {"model": "contenttypes.contenttype", "pk": 28, "fields": {"app_label": "Home", "model": "djangocontenttype"}}, {"model": "contenttypes.contenttype", "pk": 29, "fields": {"app_label": "Home", "model": "djangomigrations"}}, {"model": "contenttypes.contenttype", "pk": 30, "fields": {"app_label": "Home", "model": "djangosession"}}, {"model": "contenttypes.contenttype", "pk": 31, "fields": {"app_label": "Home", "model": "userfirstlogin"}}, {"model": "contenttypes.contenttype", "pk": 32, "fields": {"app_label": "Home", "model": "userlogin"}}, {"model": "contenttypes.contenttype", "pk": 33, "fields": {"app_label": "Explore", "model": "chatlist"}}, {"model": "contenttypes.contenttype", "pk": 34, "fields": {"app_label": "Contact", "model": "contactus"}}, {"model": "contenttypes.contenttype", "pk": 35, "fields": {"app_label": "Home", "model": "loginattempt"}}, {"model": "sessions.session", "pk": "00114z0rzkyyo87emfpanf6jiwseus2v", "fields": {"session_data": "eyJmaXJzdG5hbWUiOiJ1c2VyaGVybyIsIm5hbWUiOiJwcmVwYXJlciIsIl9zZXNzaW9uX2V4cGlyeSI6MzAwMDB9:1od1AW:HktS8zVWGsr-5x7l6AHeM5DNI6cizp1yA_kd6FLHDJk", "expire_date": "2022-09-27T18:42:00.460+07:00"}}, {"model": "sessions.session", "pk": "14ds1whnotatv7zloa9u51ddevj9mzny", "fields": {"session_data": ".eJyrVspLzE1VslLyTEksSS0uSS1S0lGKL04tLs7Mz4tPrSjILKpUsjI2AAIdpbTMouISDPW1ACJFF10:1pbzsg:JH4Z-cW2bJwmOJVal7x6FY82Du6yjcwmMBB_19f6NVM", "expire_date": "2023-03-14T23:39:38.846+07:00"}}, {"model": "sessions.session", "pk": "23zeeggt2maymuubcy1gb8d40q2elvug", "fields": {"session_data": "eyJmaXJzdG5hbWUiOiJ1c2VyaGVybyIsIm5hbWUiOiJwcmVwYXJlciJ9:1ol69T:83nLJ7wInGdkAvKiGwrPMMDcfSSAInduoMThUZNWOb4", "expire_date": "2022-11-02T17:18:19.259+07:00"}}, {"model": "sessions.session", "pk": "2w7jmn460sc0t9o11di9olf9pig0bbbk", "fields": {"session_data": ".eJyrVspLzE1VslLyTEksSS0uSS1S0lGKL04tLs7Mz4tPrSjILKpUsjI2AAIdpbTMouISDPW1ACJFF10:1pc0DS:CguDtP0rynYdIUFwqWarGqpNqANZ25wDVpgY20BgSkg", "expire_date": "2023-03-15T00:01:06.231+07:00"}}, {"model": "sessions.session", "pk": "48szvo33t0xedr7cqfsrd3gkggjt4rx2", "fields": {"session_data": ".eJyrVspLzE1VslLyTEksSS0uSS1S0lGKL04tLs7Mz4tPrSjILKpUsjI2AAIdpbTMouISDPW1ACJFF10:1pc29q:MDH7t37R-fADsY2g7TC3NM06y05j9E4TaCnIZtkoinE", "expire_date": "2023-03-15T02:05:30.624+07:00"}}, {"model": "sessions.session", "pk": "4pxqwh6m10u2sjzcjd6eo9wsqjvl7w13", "fields": {"session_data": "eyJmaXJzdG5hbWUiOiJ1c2VyaGVybyIsIm5hbWUiOiJwcmVwYXJlciJ9:1ohndm:HGplAy3IcoYweytKkg9X12hRww1UINnYDb7pWwXI7Dw", "expire_date": "2022-10-24T14:55:58.738+07:00"}}, {"model": "sessions.session", "pk": "4xk6fjqees2xw78fksr2pfm90rb5hh9q", "fields": {"session_data": ".eJyrVspLzE1VslLyTEksSS0uSS1S0lGKL04tLs7Mz4tPrSjILKpUsjI2AAIdpbTMouISDPW1ACJFF10:1peCh7:g5OyQ4I4mwVQBI9Ss7xeBecO7j014qzGrU-HCEN1NAQ", "expire_date": "2023-03-21T01:44:49.267+07:00"}}, {"model": "sessions.session", "pk": "5qw4x3jn5y9qnstbin46hht4dnnjee0o", "fields": {"session_data": "eyJmaXJzdG5hbWUiOiJ1c2VyaGVybyIsIm5hbWUiOiJwcmVwYXJlciJ9:1oxJSf:kK3ckUDtcxBfeW95gPaTjj64u16WCUuz4jKs22EjzTE", "expire_date": "2022-12-06T09:56:37.169+07:00"}}, {"model": "sessions.session", "pk": "5si4qfn957ctyudcvw376oe37pb1pbgu", "fields": {"session_data": ".eJyrVspLzE1VslLyTEksSS0uSS1S0lGKL04tLs7Mz4tPrSjILKpUsjI2AAIdpbTMouISDPW1ACJFF10:1pc14n:PsMBJQ1DkKIZHvTMvTl5Td5IT89hvv-fwATkqtp0Xs0", "expire_date": "2023-03-15T00:56:13.416+07:00"}}, {"model": "sessions.session", "pk": "6c8fv2d7k9ar9unmf5y0k43lhdo5bcd6", "fields": {"session_data": ".eJyrVoovTi0uzszPi0-tKMgsqlSyMjYAAh2ltMyi4pK8xNxUJSslz5TEktTiktQiJR0lDKFaAC9ZF10:1pclkt:O_naoUvFGPQIRYT_jzMWbr-QXdNGtzbAfIiBM3kltpo", "expire_date": "2023-03-17T02:46:47.075+07:00"}}, {"model": "sessions.session", "pk": "6yyftemtl250do4w6wg37rbgncva5860", "fields": {"session_data": ".eJxljcsOgjAQRf-la9L0BaUu3bnwG8jADFIfrWlLojH-u5Cw0HiXc8-c-2IdzGXq5kyp88h2TLLq-9bDcKGwFniGcIp8iKEk3_MV4Vub-TEiXfcb-yOYIE_Ld9M4CShIWQfGGa1BtTVIZwwCOSe1sgOa2gqlrGiRJGo1Wtlj7UzT4rhIA9xoMR0QCuVCad3JlLOPoaPH3acn22mxpGKjT7n88e8PBfJNfg:1pVVWC:cL7Ct0R_sbffUNOnTgWiVgG22BNjnoIfyxkR0agHORU", "expire_date": "2023-02-25T02:01:36.338+07:00"}}, {"model": "sessions.session", "pk": "76f3aco6pcc95d7ak55pb1hho6uttm93", "fields": {"session_data": "eyJmaXJzdG5hbWUiOiJ1c2VyaGVybyJ9:1obd8C:EKpSqCISRPf2Nw_Vp1vHx6IEIS4vM0RZCEsv6fj1knI", "expire_date": "2022-10-07T14:29:52.281+07:00"}}, {"model": "sessions.session", "pk": "7oj96qlr3mfjor9tpueznpcxd370lu9u", "fields": {"session_data": ".eJyrVspLzE1VslLyTEksSS0uSS1S0lGKL04tLs7Mz4tPrSjILKpUsjI2AAIdpbTMouISDPW1ACJFF10:1peCdj:qXWqSBTY3O1pGI2C-Vg05C7pw9SN2MXR56peAb0ZlRk", "expire_date": "2023-03-21T01:41:19.459+07:00"}}, {"model": "sessions.session", "pk": "7qtwquvphkmepy0cqh4r12jz4et5gm69", "fields": {"session_data": ".eJyrVspLzE1VslLyTEksSS0uSS1S0lGKL04tLs7Mz4tPrSjILKpUsjI2AAIdpbTMouISDPW1ACJFF10:1pmn3k:6Ne3evHmPld4Ddk0UeNeNf9MpCozDNQTAX-v2O8JXw8", "expire_date": "2023-04-13T11:11:40.046Z"}}, {"model": "sessions.session", "pk": "7x1ge88vgs4to6g4t30wiac0ayrrpwvx", "fields": {"session_data": "eyJmaXJzdG5hbWUiOiJ1c2VyaGVybyIsIm5hbWUiOiJwcmVwYXJlciJ9:1osdwe:QGpFdfEea3DU9w6_zjs06fRsPHe50RH52ubeZla4Ars", "expire_date": "2022-11-23T12:48:16.808+07:00"}}, {"model": "sessions.session", "pk": "842pvhpebpkcxupppuplhrbtj4mgcz4i", "fields": {"session_data": "eyJmaXJzdG5hbWUiOiJ1c2VyaGVybyIsIm5hbWUiOiJwcmVwYXJlciJ9:1ot2A4:D34W-2QtMH1f_vrrUOBOUNIf0LA3PJjeOPcMA4i9ffo", "expire_date": "2022-11-24T14:39:44.039+07:00"}}, {"model": "sessions.session", "pk": "8635o1zbjkcyliifmj05u0lzd7bvob5p", "fields": {"session_data": "eyJmaXJzdG5hbWUiOiJ1c2VyaGVybyIsIm5hbWUiOiJwcmVwYXJlciJ9:1odLhN:M5PkD20a0BMoQGVkIGTIlKBECK0qKCL8h72xOvVxJNE", "expire_date": "2022-10-12T08:17:17.156+07:00"}}, {"model": "sessions.session", "pk": "886pn6kpg72c5korvo7vwgyh01piyggl", "fields": {"session_data": "eyJfc2Vzc2lvbl9leHBpcnkiOjMwMDAwLCJmaXJzdG5hbWUiOiJJZGF0ZXN0ZXIifQ:1pc2SL:ai-epMtlmIOR7MwfbXx_UUx1I3N4mcKSm5zl3INe53Q", "expire_date": "2023-03-15T02:24:37.454+07:00"}}, {"model": "sessions.session", "pk": "8f82z1y02gmuupaccxp1yzbwczm310bs", "fields": {"session_data": ".eJyrVoovTi0uzszPi0-tKMgsqlSyMjYAAh2ltMyi4pK8xNxUJSslz5TEktTiktQiJR0lDKFaAC9ZF10:1pWUqD:c8AwqPuKZzkoaI3-Sm4AAfTsyoG09dlIXp2ikqeXnYs", "expire_date": "2023-02-27T19:30:21.083+07:00"}}, {"model": "sessions.session", "pk": "8ii5jnszbyitylucrx28ahs236nawxco", "fields": {"session_data": ".eJyrVoovTi0uzszPi0-tKMgsqlSyMjYAAh2ltMyi4pK8xNxUJSslz5TEktTiktQiJR0lDKFaAC9ZF10:1peYpQ:7WfuRzRk1uDndE0MbifTfPt1mSnJFF1jhmI1J23ILzQ", "expire_date": "2023-03-22T01:22:52.587+07:00"}}, {"model": "sessions.session", "pk": "8ye3wre2jodb5nusfcvxt5db6amdzpvm", "fields": {"session_data": "eyJmaXJzdG5hbWUiOiJ1c2VyaGVybyIsIm5hbWUiOiJwcmVwYXJlciJ9:1osd1B:A3cBo8SVgyM3nOmPlmsPmvzRPeyrwMPxAImv15Xgqzk", "expire_date": "2022-11-23T11:48:53.962+07:00"}}, {"model": "sessions.session", "pk": "96iba2rb9agolg049ly7zk2j0ppp1u08", "fields": {"session_data": ".eJyrVoovTi0uzszPi0-tKMgsqlSyMjYAAh2ltMyi4pK8xNxUJSslz5TEktTiktQiJR0lDKFaAC9ZF10:1peS3T:u7mpaXvqygdyEdXvx-TLHDWtG0yvfUwGVhpBz24-kgQ", "expire_date": "2023-03-21T18:08:55.769+07:00"}}, {"model": "sessions.session", "pk": "a9ni4nkpzrwkzfg760iaq5f1xjyb8cg3", "fields": {"session_data": ".eJyrVspLzE1VslLyTEksSS0uSS1S0lGKL04tLs7Mz4tPrSjILKpUsjI2AAIdpbTMouISDPW1ACJFF10:1pcHzi:6sPAV5JS87TBlmGLfIpMY_mYGi0lqPvLYUOMhqO74VA", "expire_date": "2023-03-15T19:00:06.204+07:00"}}, {"model": "sessions.session", "pk": "ahn37pd3isklo7svht3f2vcoej57w1lm", "fields": {"session_data": ".eJyrVspLzE1VslLyTEksSS0uSS1S0lGKL04tLs7Mz4tPrSjILKpUsjI2AAIdpbTMouISDPW1ACJFF10:1q3adC:TBvk6_qPCun5ES_8WWbEI9rtkhK5zZ5V8LFZo2I6TB8", "expire_date": "2023-05-29T19:21:42.958Z"}}, {"model": "sessions.session", "pk": "aq85va71e7qt1fjecqc41rms41jzwsqr", "fields": {"session_data": ".eJyrVspLzE1VslLyTEksSS0uSS1S0lGKL04tLs7Mz4tPrSjILKpUsjI2AAIdpbTMouISDPW1ACJFF10:1pcI2X:9nqyprOgebUVNTY74lsfgg339GCL-HPhvjCYkM1EH4w", "expire_date": "2023-03-15T19:03:01.107+07:00"}}, {"model": "sessions.session", "pk": "d9putsat9w9982xuyhec7wozts28dixu", "fields": {"session_data": ".eJyrVspLzE1VslLyTEksSS0uSS1S0lGKL04tLs7Mz4tPrSjILKpUsjI2AAIdpbTMouISDPW1ACJFF10:1pfaks:SLYKtnaBgxh_MTia-ajMi9p85y8TQs0udW3iwaXWMco", "expire_date": "2023-03-24T21:38:26.181+07:00"}}, {"model": "sessions.session", "pk": "dh8g6cy1ksm8896rzsswhazekcogzlx0", "fields": {"session_data": "eyJfc2Vzc2lvbl9leHBpcnkiOjMwMDAwLCJmaXJzdG5hbWUiOiJJZGF0ZXN0ZXIifQ:1qBtEF:SU2tmGDtA1-qcR7flC62gci9BNMOcxpfLn80kL9YeIE", "expire_date": "2023-06-21T16:50:15.287Z"}}, {"model": "sessions.session", "pk": "duaoel70kfebhkgttvij3jtrxj7h0udf", "fields": {"session_data": "eyJmaXJzdG5hbWUiOiJ1c2VyaGVybyJ9:1od12e:zCl-TaLLIaewKX7Rlyz16UtYquQXKoRuvU_TPbJ2WmE", "expire_date": "2022-10-11T10:13:52.339+07:00"}}, {"model": "sessions.session", "pk": "eddm10o13ha1ii1n5p4l7g749z8w7w3a", "fields": {"session_data": "eyJmaXJzdG5hbWUiOiJ1c2VyaGVybyIsIm5hbWUiOiJwcmVwYXJlciIsIl9zZXNzaW9uX2V4cGlyeSI6MzAwMDB9:1od7T7:KXJLQ-LCcDEff2K8OXBB14Z_H3H0hoWsK0imIQaI2GU", "expire_date": "2022-09-28T01:25:37.105+07:00"}}, {"model": "sessions.session", "pk": "eep9k8hpvvqdq0olzal4zpir0a6c1hze", "fields": {"session_data": "eyJmaXJzdG5hbWUiOiJ1c2VyaGVybyIsIl9zZXNzaW9uX2V4cGlyeSI6MzAwMDAsIm5hbWUiOiJwcmVwYXJlciJ9:1od17x:N0Fh1WKAkTRKDOEb_SaJnTdO-a9XghTaUOBuI--z1RI", "expire_date": "2022-09-27T18:39:21.521+07:00"}}, {"model": "sessions.session", "pk": "ej7i68nb82e9dk5q2fsvbaz654uvch1m", "fields": {"session_data": "eyJmaXJzdG5hbWUiOiJ1c2VyaGVybyIsIm5hbWUiOiJwcmVwYXJlciJ9:1ofEcg:H61nlExF_6b-W9zmJZPUO1afjOKbZ7GpgcNSNjS1rio", "expire_date": "2022-10-17T13:08:14.313+07:00"}}, {"model": "sessions.session", "pk": "ejdrdf4rqrjucsluvysg9e8y0yis9fbb", "fields": {"session_data": "eyJfc2Vzc2lvbl9leHBpcnkiOjMwMDAwLCJmaXJzdG5hbWUiOiJJZGF0ZXN0ZXIifQ:1pcL9a:zn5B9U_pce5rtBLnzWBSxLI8P6CgrX5ehccq7DS8NvI", "expire_date": "2023-03-15T22:22:30.235+07:00"}}, {"model": "sessions.session", "pk": "emcysov82keajg2w8dxghrksomhcl2zw", "fields": {"session_data": ".eJxVjMsOwiAURP-FdUNKqRW6dOfCbyAX7sXiAwzQRGP8d9ukm85yzpn5MlOolJCiofcr5A8bZbukYT7kUiM8iY3sjFCpVMqsYQbmOpm5UDYBFyb2nQV3p7gCvEG8Ju5SrDlYvip8o4VfEtLjtLm7gwnKtKwdHFUvhEQnPAo7IPa9Ul4cOi3REnQOwJOyrXdCa41W2c4DWacl0aAH9vsDmXlJtQ:1pjArs:zdrGjVNQpHzZ6xNgdxBw7quT-nnAXxEc5uiIjM1L4k4", "expire_date": "2023-04-03T11:48:28.545Z"}}, {"model": "sessions.session", "pk": "ewe5llktogs8ekfg8q8owi3f0sv0q815", "fields": {"session_data": ".eJxVTksOwiAQvQtr09BOgdCle89ABoYKfsBAm2iMd7ckLuzbzfvOm82x1CXh3bOJrdUXdmAG1yWYdphIG93vOYvu6lMT6ILpnDuX01Ki7Zql-6m1O2Xyt-PPuysIWMOWHgVoNSs-SqmhBwdcECehvUM9IFfSgSWgWZEV0tIouQZSKMACDiBb6d_fwZfcZqqvNeZk_PMRy4tNwDd8vqrjS-E:1pVUAl:zoj5S3xHjUGwS-JEzLMqf-hsU21taWDKlLtlV0GC4_E", "expire_date": "2023-02-25T00:35:23.650+07:00"}}, {"model": "sessions.session", "pk": "f0d7si4q3b94308t3qu8n508ukdrsapz", "fields": {"session_data": "eyJmaXJzdG5hbWUiOiJ1c2VyaGVybyIsIm5hbWUiOiJwcmVwYXJlciJ9:1ofHWC:-6sb_TWv_zBSAQ0NkzndgvVx4gLrdAKH40OeA2EX8Ts", "expire_date": "2022-10-17T16:13:44.125+07:00"}}, {"model": "sessions.session", "pk": "f3fqximiyz1xzsrjus5itrh07ld0jve1", "fields": {"session_data": ".eJyrVspLzE1VslLyTEksSS0uSS1S0lGKL04tLs7Mz4tPrSjILKpUsjI2AAIdpbTMouISDPW1ACJFF10:1pmXVc:wLEWw0XVZaARO-VpxV-PRJO_COIydr4CDKkNw2-AzbQ", "expire_date": "2023-04-12T18:35:24.553Z"}}, {"model": "sessions.session", "pk": "f5hh5dduy9g212iskb4sxny61g5sy74d", "fields": {"session_data": ".eJyrVoovTi0uzszPi0-tKMgsqlSyMjYAAh2ltMyi4pK8xNxUJSslz5TEktTiktQiJR0lDKFaAC9ZF10:1pc147:88ltN-dXf-ceZo1_DzRLlPXPP19rtq9eBJonLB08DOI", "expire_date": "2023-03-15T00:55:31.780+07:00"}}, {"model": "sessions.session", "pk": "fr8yxssz1w9qs5q8of7zjc745nqec0cp", "fields": {"session_data": "eyJmaXJzdG5hbWUiOiJ1c2VyaGVybyIsIm5hbWUiOiJwcmVwYXJlciJ9:1odLgg:H9iNYqrp3IoKqotBn6TCSQt6J0FhTkC5L1GGmXBYz18", "expire_date": "2022-10-12T08:16:34.962+07:00"}}, {"model": "sessions.session", "pk": "g8u8tp2a3hfsbvnzlujjr89o02r32vjr", "fields": {"session_data": ".eJyrVspLzE1VslLyTEksSS0uSS1S0lGKL04tLs7Mz4tPrSjILKpUsjI2AAIdpbTMouISDPW1ACJFF10:1peB1e:XOfMVtl9A_Y9E88_cw6YHYjc9hBChK7gUUfzP_EGiXA", "expire_date": "2023-03-20T23:57:54.255+07:00"}}, {"model": "sessions.session", "pk": "gn6cg6jbyzc8erp5z6756idfropmnamr", "fields": {"session_data": "eyJmaXJzdG5hbWUiOiJ1c2VyaGVybyIsIm5hbWUiOiJwcmVwYXJlciJ9:1osd1X:_iIbE1g8kFT7NI_pVXBnvxSgpQ2l0ihTxRfzsunO1Kc", "expire_date": "2022-11-23T11:49:15.880+07:00"}}, {"model": "sessions.session", "pk": "gs0l1pans7z12sa806jqk2z5va84xbb9", "fields": {"session_data": ".eJxVjMsOgjAQRf-la9P0BaUs3bnwG5qBGaQ-iqEl0Rj_3WJY6OzuuXfOi3lY8uiXRLMPyFom2e6XddBfKK4FniGeJt5PMc-h4-uEb23ixwnput-2f4IR0li-69pJQEHKOjDOaA2qqUA6YxDIOamV7dFUVihlRYMkUavByg4rZ-oGhyIdwpxyhBsV3aouaEsHhEwpf5FPlFKYoqfHPcxP1mpR7v0BjthLmA:1pVVA3:ikczzhvLGCsTd46ggQxp31SnUPHlBByOolhf2Ng8C8E", "expire_date": "2023-02-25T01:38:43.893+07:00"}}, {"model": "sessions.session", "pk": "h6mur9rwply2lsrm5sf5ib27ep2ndlc0", "fields": {"session_data": "eyJmaXJzdG5hbWUiOiJ1c2VyaGVybyIsIm5hbWUiOiJwcmVwYXJlciJ9:1osdhA:dYOdAuwm9Dgnf7YCjDYwsVvaBZ4gqxeudWffvEslo8s", "expire_date": "2022-11-23T12:32:16.256+07:00"}}, {"model": "sessions.session", "pk": "i0s9oi590wbfiy9o86te6rs6k3e1cz3s", "fields": {"session_data": ".eJyrVspLzE1VslLyTEksSS0uSS1S0lGKL04tLs7Mz4tPrSjILKpUsjI2AAIdpbTMouISDPW1ACJFF10:1pe6M9:vHYQfdRZzlYDfMaQzztQZDDg1A5MmoAqznZ5f9gvPmg", "expire_date": "2023-03-20T18:58:45.170+07:00"}}, {"model": "sessions.session", "pk": "i7yd0gcaj8lzuer54a6faukg79icxp5f", "fields": {"session_data": ".eJyrVspLzE1VslLyTEksSS0uSS1S0lGKL04tLs7Mz4tPrSjILKpUsjI2AAIdpbTMouISDPW1ACJFF10:1pcI5F:SfOGfPXTsSzElo2Nx_Nz429T4eCBN_Ba4YuVWPt4KOY", "expire_date": "2023-03-15T19:05:49.082+07:00"}}, {"model": "sessions.session", "pk": "iskk6d65kgad4rz5v6bhgh21pf8ck0lh", "fields": {"session_data": ".eJyrVspLzE1VslLyTEksSS0uSS1S0lGKL04tLs7Mz4tPrSjILKpUsjI2AAIdpbTMouISDPW1ACJFF10:1peCOH:NHwaVAwC4E_HB_1DWyVDFhXnZ7l4jTvNlzuCGYAlcF4", "expire_date": "2023-03-21T01:25:21.476+07:00"}}, {"model": "sessions.session", "pk": "istbf9zsdd7tps158oby5fg75xqa1t6r", "fields": {"session_data": ".eJyrVspLzE1VslLyTEksSS0uSS1S0lGKL04tLs7Mz4tPrSjILKpUsjI2AAIdpbTMouISDPW1ACJFF10:1r7yCJ:O2Jae5OE6aKksRA7euEywLiCQrwB_nizNe3YiaMa11M", "expire_date": "2023-11-28T21:52:19.082Z"}}, {"model": "sessions.session", "pk": "kl8wl1ib2bfqu1m3irknh3l3ftyb0t13", "fields": {"session_data": ".eJyrVspLzE1VslLyTEksSS0uSS1S0lGKL04tLs7Mz4tPrSjILKpUsjI2AAIdpbTMouISDPW1ACJFF10:1pcIyL:HuFW4-x94jsn7lMvUJjeIV52BFefreBtBGy0UCsfiGU", "expire_date": "2023-03-15T20:02:45.701+07:00"}}, {"model": "sessions.session", "pk": "kvq4zv2n17mk3c4ic54xwvoacl2b3qyv", "fields": {"session_data": "eyJmaXJzdG5hbWUiOiJ1c2VyaGVybyJ9:1oixFQ:UtVUvTIMesxkC387s0Nalo9Z_ChQBMTkco_z3rmmqpc", "expire_date": "2022-10-27T19:23:36.126+07:00"}}, {"model": "sessions.session", "pk": "l5e95ax53ykx3wzcuhzcuoqg0d54vkrv", "fields": {"session_data": ".eJxVjDsOwjAQBe_iGlmsY4xNSZ8zRPszDiBHipMKcXeIlALaNzPvZQZclzKsTedhFHMxYA6_GyE_tG5A7lhvk-WpLvNIdlPsTpvtJ9HndXf_Dgq28q0Zz9EDdMKQBSiIeB9jhpNLnZCiY8SskY6ZIaUkFMllVOLUqYYUzPsDClE5WQ:1pjAnV:RIat2d_e9BxsYs8LJP3lqAxbcq4PENFkZWr5oA7oKHk", "expire_date": "2023-04-17T03:23:57.518Z"}}, {"model": "sessions.session", "pk": "l7vbablzapk95a3ghkmyoyuxpd6rjkk5", "fields": {"session_data": ".eJyrVspLzE1VslLyTEksSS0uSS1S0lGKL04tLs7Mz4tPrSjILKpUsjI2AAIdpbTMouISDPW1ACJFF10:1piAEj:akms7j51xvCDYVVhs-mBoF3wKnLMcUZA3xhwgiVW7NA", "expire_date": "2023-03-31T16:55:53.018Z"}}, {"model": "sessions.session", "pk": "l80f8bek71gkvge3tc0caf5cwrqbizsc", "fields": {"session_data": ".eJyrVspLzE1VslLyTEksSS0uSS1S0lGKL04tLs7Mz4tPrSjILKpUsjI2AAIdpbTMouISDPW1ACJFF10:1pcOpM:tBqRC3zGPgndHWon8W-3aiICIJ29rOeP1C2cw85jD-g", "expire_date": "2023-03-16T02:17:52.787+07:00"}}, {"model": "sessions.session", "pk": "lxhycecvipt114h2mz8n0eiyg0xuxm55", "fields": {"session_data": ".eJyrVspLzE1VslLyTEksSS0uSS1S0lGKL04tLs7Mz4tPrSjILKpUsjI2AAIdpbTMouISDPW1ACJFF10:1rBWOj:XoHtLfKM-NWqkMT3dKcYo75GHJubAgZ8u3l2pOyAoPs", "expire_date": "2023-12-08T16:59:49.121Z"}}, {"model": "sessions.session", "pk": "lyu0nifqyh4v8wr0jeumo475r4qvn6em", "fields": {"session_data": "eyJmaXJzdG5hbWUiOiJ1c2VyaGVybyIsIm5hbWUiOiJwcmVwYXJlciJ9:1ozU9u:jDl2gBRHadKzKzuWTo3vHtKeKktX-8eLnomZ7UuVInw", "expire_date": "2022-12-12T09:46:14.895+07:00"}}, {"model": "sessions.session", "pk": "m6eju9ke2elpzdrhus8nd0g0icqt4mag", "fields": {"session_data": ".eJyrVspLzE1VslLyTEksSS0uSS1S0lGKL04tLs7Mz4tPrSjILKpUsjI2AAIdpbTMouISDPW1ACJFF10:1pcLG2:8Q4IpAgXjN0zxuWuoiWWTdwFJbkaVxq1EtOpbv9UJek", "expire_date": "2023-03-15T22:29:10.270+07:00"}}, {"model": "sessions.session", "pk": "mit4qcw3b2qanlphv0pzg17est4lmobh", "fields": {"session_data": ".eJyrVspLzE1VslLyTEksSS0uSS1S0lGKL04tLs7Mz4tPrSjILKpUsjI2AAIdpbTMouISDPW1ACJFF10:1pWTLk:izG7qqMaPKt-x0mwnzhgXVFq5GUCTjty01Nbkkyeqrs", "expire_date": "2023-02-27T17:54:48.150+07:00"}}, {"model": "sessions.session", "pk": "nljhm2upx911i4hkc6n5xozi6zsr04sc", "fields": {"session_data": "eyJfc2Vzc2lvbl9leHBpcnkiOjMwMDAwLCJmaXJzdG5hbWUiOiJJZGF0ZXN0ZXIifQ:1pcJ0u:M1wow8eaiuWE95366z7ym8X-d2u9g9FhaxvY5zHJ00Q", "expire_date": "2023-03-15T20:05:24.777+07:00"}}, {"model": "sessions.session", "pk": "nxpfhpw0okdxmljsff9ut9bltns111ed", "fields": {"session_data": ".eJxljcsKwjAURP8l61JucxNLunTnwm8oedzY-EgkSUER_90WulCc5czhzIuNeq7TOBfKY3BsYB1rvjuj7YXiOrizjqfU2hRrDqZdkXZbS3tMjq77jf0RTLpMq9YQeAfKGiF97y1I3iOBEKIHVGonEIXh4NG4DrT3ErUBLywaySVXuEijvtFiOjhdqVTK60-hUkKKIz3uIT_ZgLCkYT7kUv_49wdA7E3m:1paXxR:5UCaImVL-lpL_r3TGxC4hlh8TG_JGkwOgqEqJAHg5zQ", "expire_date": "2023-03-10T23:38:33.135+07:00"}}, {"model": "sessions.session", "pk": "o0rkn16ec5w53n2eiqd9zuje4jg1cgrb", "fields": {"session_data": "eyJmaXJzdG5hbWUiOiJ1c2VyaGVybyIsIm5hbWUiOiJwcmVwYXJlciJ9:1oy65l:SlAWZzSgWZvCOjBmsX4drgBMlD1pKTTKj-PmTFP1Ius", "expire_date": "2022-12-08T13:52:13.715+07:00"}}, {"model": "sessions.session", "pk": "p3rla74unt09fiuhwurvy85x0xq3bt3t", "fields": {"session_data": ".eJyrVkrLLCouyUvMTVWyUiotTi1S0lFC4mWkFuUDReKLU4uLM_Pz4lMrCjKLKpWsjA2AoBYAqRYVPw:1pVV3s:QE49nzyiR3hRE3cgF6C5vuIUO54_FOY7m7eoK1QV8Ws", "expire_date": "2023-02-25T01:32:20.199+07:00"}}, {"model": "sessions.session", "pk": "qbqmbyasp1ie2my7g82nds6uq591b04g", "fields": {"session_data": ".eJyrVoovTi0uzszPi0-tKMgsqlSyMjYAAh2ltMyi4pK8xNxUJSslz5TEktTiktQiJR0lDKFaAC9ZF10:1pcOdJ:68XY6HtMmSshh02mfHWMsukdGi1Cu3yzj8neTjd4yFM", "expire_date": "2023-03-16T02:05:25.284+07:00"}}, {"model": "sessions.session", "pk": "qge8445xiyl2f2ka2qvrj0yrsyg18gd4", "fields": {"session_data": ".eJyrVspLzE1VslLyTEksSS0uSS1S0lGKL04tLs7Mz4tPrSjILKpUsjI2AAIdpbTMouISDPW1ACJFF10:1pcI6x:qnV2nRGmf9UPB7C5lZTHk29mYZn8vCs_FM2QKLfiL1o", "expire_date": "2023-03-15T19:07:35.671+07:00"}}, {"model": "sessions.session", "pk": "qiwwgutz4npj3dl10jdmyxi0b62yujjw", "fields": {"session_data": ".eJyrVoovTi0uzszPi0-tKMgsqlSyMjYAAh2ltMyi4pK8xNxUJSslz5TEktTiktQiJR0lDKFaAC9ZF10:1rC40U:iw7ZRpAhelYPPo1AUXJ0XbVb9WskRVlYZkfgY5tWahA", "expire_date": "2023-12-10T04:53:02.203Z"}}, {"model": "sessions.session", "pk": "rkunvko5c6p1tmd9dbxi85hgvhb4xr5i", "fields": {"session_data": "eyJmaXJzdG5hbWUiOiJ1c2VyaGVybyIsIm5hbWUiOiJwcmVwYXJlciJ9:1ose3B:jQMRinKC4g5w0TqFnPYB7hIE0cyh_Jxu0DotLObk9hs", "expire_date": "2022-11-23T12:55:01.550+07:00"}}, {"model": "sessions.session", "pk": "rw8r07cmsm8qa11pppzaktn4vsredvhr", "fields": {"session_data": "eyJmaXJzdG5hbWUiOiJ1c2VyaGVybyJ9:1obbgB:Ucu9QAjXDKxuo6JdC0W0nsti_MCAQiCrz4EfC9IH8fs", "expire_date": "2022-10-07T12:56:51.809+07:00"}}, {"model": "sessions.session", "pk": "s8hpxicipuzts9amdzar2otndzqa08hs", "fields": {"session_data": "eyJfc2Vzc2lvbl9leHBpcnkiOjMwMDAwLCJmaXJzdG5hbWUiOiJJZGF0ZXN0ZXIifQ:1pcMHB:3_Eb0tpY8ui3oY5l6p-VcdSThqnjt5VBFaNZ3rZBcqY", "expire_date": "2023-03-15T23:34:25.619+07:00"}}, {"model": "sessions.session", "pk": "sdh5tfe6a4rmpp06b9cb9w3g9j8nqq72", "fields": {"session_data": "eyJmaXJzdG5hbWUiOiJ1c2VyIiwibmFtZSI6InVzZXJoZXJvIn0:1pVQYe:UMkveb2mK55BdWdyf3elgY-RyQCtwNY5T19Q6VUtwy8", "expire_date": "2023-03-10T12:23:48.160+07:00"}}, {"model": "sessions.session", "pk": "silqi15mfaxp78zkhoojz994dhj8g0zr", "fields": {"session_data": "eyJfc2Vzc2lvbl9leHBpcnkiOjMwMDAwLCJmaXJzdG5hbWUiOiJJZGF0ZXN0ZXIifQ:1qBqvd:zemh-LIgRRTpwZHrmOZfaslG6zyCjpLsUX7nggZkRsg", "expire_date": "2023-06-21T14:22:53.029Z"}}, {"model": "sessions.session", "pk": "sivumplpg0p9949bzkddkq6rcejlcm6q", "fields": {"session_data": ".eJxljcsKwjAURP8l61JucxNLunTnwm8oedzY-EgkSUER_90WulCc5czhzIuNeq7TOBfKY3BsYB1rvjuj7YXiOrizjqfU2hRrDqZdkXZbS3tMjq77jf0RTLpMq9YQeAfKGiF97y1I3iOBEKIHVGonEIXh4NG4DrT3ErUBLywaySVXuEijvtFiOjhdqVTK60-hUkKKIz3uIT_ZgLCkYT7kUv_49wdA7E3m:1pbzqq:RpekuFzvsY_c8EMHmJ1P0UaVT5bl-uceOIooatXXj9Y", "expire_date": "2023-03-14T23:37:44.597+07:00"}}, {"model": "sessions.session", "pk": "sltzcxzdflt41l7ya0zpe0p0yio7m9mu", "fields": {"session_data": ".eJyrVspLzE1VslLyTEksSS0uSS1S0lGKL04tLs7Mz4tPrSjILKpUsjI2AAIdpbTMouISDPW1ACJFF10:1pcOp8:7MSk9GuABaf1AgkN0TC3GdvmAcVBCEzCjRhJzGzAalc", "expire_date": "2023-03-16T02:17:38.119+07:00"}}, {"model": "sessions.session", "pk": "srqn9m2tnf8zdg97yuqhp8y4dt46dong", "fields": {"session_data": "eyJmaXJzdG5hbWUiOiJ1c2VyaGVybyIsIm5hbWUiOiJwcmVwYXJlciJ9:1osd2T:o-qcLNCEqM36FTgUjZO_7QCy0z_D556vbgDcEv-Vs1w", "expire_date": "2022-11-23T11:50:13.786+07:00"}}, {"model": "sessions.session", "pk": "stya6itxktaufchhrotu0cou22hq7f6w", "fields": {"session_data": "eyJmaXJzdG5hbWUiOiJ1c2VyaGVybyIsIm5hbWUiOiJwcmVwYXJlciJ9:1otJss:onUEc6_KTcYUo0KF8zBK14chnQrOvebWRGeXaluxsZ0", "expire_date": "2022-11-25T09:35:10.891+07:00"}}, {"model": "sessions.session", "pk": "tcuzrj2e6a9gf6nvnzqwb2q64i9ij3hl", "fields": {"session_data": "eyJmaXJzdG5hbWUiOiJ1c2VyaGVybyIsIm5hbWUiOiJwcmVwYXJlciJ9:1ofHH6:bKebXUNod5kmFDcQV-n5Qw0L3pF2iyhvGMgDW8u9mPs", "expire_date": "2022-10-17T15:58:08.088+07:00"}}, {"model": "sessions.session", "pk": "ukps4zjx08w732fafcb7oahail83c1j1", "fields": {"session_data": ".eJyrVspLzE1VslLyTEksSS0uSS1S0lGKL04tLs7Mz4tPrSjILKpUsjI2AAIdpbTMouISDPW1ACJFF10:1piCyl:NVqKWYdFLSfCkB-kIAMBkZxrU4DduR9r4AS-rBewIUM", "expire_date": "2023-03-31T19:51:35.927Z"}}, {"model": "sessions.session", "pk": "uqpngbyunedui67r0i9fkmk4plvmbgq5", "fields": {"session_data": ".eJyrVspLzE1VslLyTEksSS0uSS1S0lGKL04tLs7Mz4tPrSjILKpUsjI2AAIdpbTMouISDPW1ACJFF10:1pcLhs:AwVVKMIiAJBhQ9w_wA6704SzWmlCDwMUfEX1xY0lnHM", "expire_date": "2023-03-15T22:57:56.229+07:00"}}, {"model": "sessions.session", "pk": "vm4edncnv8uqchkh087xzt3nhejbgmu2", "fields": {"session_data": ".eJyrVspLzE1VslLyTEksSS0uSS1S0lGKL04tLs7Mz4tPrSjILKpUsjI2AAIdpbTMouISDPW1ACJFF10:1pWXJi:Bcxbyta4_mWZ9IJO9ITqSAhgswQar1Qb_hfYn8toY8k", "expire_date": "2023-02-27T22:08:58.712+07:00"}}, {"model": "sessions.session", "pk": "vxvp35ns6ae3hp2b4w3ts7bgh242gczi", "fields": {"session_data": ".eJxljcsKwjAURP8l61JucxNLunTnwm8oedzY-EgkSUER_90WulCc5czhzIuNeq7TOBfKY3BsYB1rvjuj7YXiOrizjqfU2hRrDqZdkXZbS3tMjq77jf0RTLpMq9YQeAfKGiF97y1I3iOBEKIHVGonEIXh4NG4DrT3ErUBLywaySVXuEijvtFiOjhdqVTK60-hUkKKIz3uIT_ZgLCkYT7kUv_49wdA7E3m:1pWaUF:h6z0ajZtSzSLGfTeWw9pmyo_USdUz5ycWPJjpIK9mpE", "expire_date": "2023-02-28T01:32:03.684+07:00"}}, {"model": "sessions.session", "pk": "w34lwujb8axf0o7i67v6a1xunxjlfbtm", "fields": {"session_data": ".eJyrVspLzE1VslLyTEksSS0uSS1S0lGKL04tLs7Mz4tPrSjILKpUsjI2AAIdpbTMouISDPW1ACJFF10:1pm5YW:dvj2aHmiUQNStXqWuoApBcXMmQVhSZLVDpgoWwDF97s", "expire_date": "2023-04-11T12:44:32.178Z"}}, {"model": "sessions.session", "pk": "x1ph9hxaa27oqk928lqnj5bnurat5tcf", "fields": {"session_data": ".eJyrVspLzE1VslLyTEksSS0uSS1S0lGKL04tLs7Mz4tPrSjILKpUsjI2AAIdpbTMouISDPW1ACJFF10:1pVVo9:XPeKRcLcoPkK7wPB2ehcD2mK3RqM0TY597eRozf4Oos", "expire_date": "2023-02-25T02:20:09.132+07:00"}}, {"model": "sessions.session", "pk": "xedsbghcq6jaqpt1jiz2a67luw3aif4s", "fields": {"session_data": ".eJyrVspLzE1VslLyTEksSS0uSS1S0lGKL04tLs7Mz4tPrSjILKpUsjI2AAIdpbTMouISDPW1ACJFF10:1pm7Jg:jJSQdQYBGQ0EjVl3Y-Finl-bs4juLdskTkfUCPcIVc4", "expire_date": "2023-04-11T14:37:20.554Z"}}, {"model": "sessions.session", "pk": "xkpcsbqu5vqldj72ah7oq38cj1vx3pgv", "fields": {"session_data": "eyJfc2Vzc2lvbl9leHBpcnkiOjMwMDAwLCJmaXJzdG5hbWUiOiJJZGF0ZXN0ZXIifQ:1rB8E2:DLTIrOIrMG7-4xlkv0IXziU1mzbTk-aOfHS3xitK73c", "expire_date": "2023-12-07T15:11:10.732Z"}}, {"model": "sessions.session", "pk": "xsuel9ib9udrhzjbjzinjyae4douwlq5", "fields": {"session_data": "eyJfc2Vzc2lvbl9leHBpcnkiOjMwMDAwLCJmaXJzdG5hbWUiOiJJZGF0ZXN0ZXIifQ:1pc16f:fHko1o3VTgW-QZrEr5Px35E1Akeu8-8QDPKlwApmIe0", "expire_date": "2023-03-15T00:58:09.652+07:00"}}, {"model": "sessions.session", "pk": "y348wxze3h53stj35hpc5o5ho2wonmz2", "fields": {"session_data": ".eJyrVoovTi0uzszPi0-tKMgsqlSyMjYAAh2ltMyi4pK8xNxUJSslz5TEktTiktQiJR0lDKFaAC9ZF10:1pcIrz:i0jUpxVErrbJPDxJ9MLa8U4gQzPYr_fqfeToHA_sD68", "expire_date": "2023-03-15T19:56:11.795+07:00"}}, {"model": "sessions.session", "pk": "y5qb27se0klpmcnateyni1zj4wis0aih", "fields": {"session_data": "eyJfc2Vzc2lvbl9leHBpcnkiOjMwMDAwLCJmaXJzdG5hbWUiOiJJZGF0ZXN0ZXIifQ:1r8cvC:DbTF91hwR6LuLzRVwxGPi7Xz7mizPqmacHQFMeT-FII", "expire_date": "2023-11-30T17:21:22.039Z"}}, {"model": "sessions.session", "pk": "yi5pcamu7hyo5rcznvmosdwkghz1bq5e", "fields": {"session_data": "eyJfc2Vzc2lvbl9leHBpcnkiOjMwMDAwLCJmaXJzdG5hbWUiOiJJZGF0ZXN0ZXIifQ:1pcJ9Y:-O3CUnEJ3v_7lgKf3wZekuRxaun0jnngbRNMzQJ5Iuc", "expire_date": "2023-03-15T20:14:20.646+07:00"}}, {"model": "sessions.session", "pk": "z76ig257ubkqqhmw7672u6tlebpw9eyh", "fields": {"session_data": "eyJmaXJzdG5hbWUiOiJ1c2VyaGVybyIsIm5hbWUiOiJwcmVwYXJlciJ9:1ol6FW:wgKS8jkLtbCiY8Pc4sKyETeRJA7jSYGkYmSxlJlzWDI", "expire_date": "2022-11-02T17:24:34.979+07:00"}}, {"model": "sessions.session", "pk": "zgmnirpday3f0hse4yf01bwfjg4k6yvr", "fields": {"session_data": ".eJyrVspLzE1VslLyTEksSS0uSS1S0lGKL04tLs7Mz4tPrSjILKpUsjI2AAIdpbTMouISDPW1ACJFF10:1pbzsg:JH4Z-cW2bJwmOJVal7x6FY82Du6yjcwmMBB_19f6NVM", "expire_date": "2023-03-14T23:39:38.968+07:00"}}, {"model": "sessions.session", "pk": "zgynbau5lnajfd9373x0hgpbkm1f0p0z", "fields": {"session_data": "eyJmaXJzdG5hbWUiOiJ1c2VyIiwibmFtZSI6InVzZXJoZXJvIn0:1pV7S4:UQr3mzdaZ9VWGMN2rfYFFDpcmnk6gRB6nOzK6Gn4fls", "expire_date": "2023-03-09T15:59:44.277+07:00"}}, {"model": "sessions.session", "pk": "zttuazllajfuh8scwrn9fxoqwage7hxv", "fields": {"session_data": "eyJfc2Vzc2lvbl9leHBpcnkiOjMwMDAwLCJmaXJzdG5hbWUiOiJJZGF0ZXN0ZXIifQ:1pcJ61:UOVJFcOejpoZvI2bSG_TlIhAfkR_btsHGvoUj3LY2dE", "expire_date": "2023-03-15T20:10:41.108+07:00"}}, {"model": "Home.userfirstlogin", "pk": 1, "fields": {"username": "userhero", "password": "b'SmFrYXJ0YTIwMjlh", "lastlogin": null}}, {"model": "Home.userlogin", "pk": 1, "fields": {"username": "preparer", "password": "b'SmFrYXJ0YTIwMjIh'", "lastlogin": "2022-09-27T03:29:40Z"}}, {"model": "Home.userlogin", "pk": 2, "fields": {"username": "Idatester", "password": "AES$bNN8esB/INI6TVZionJt/g==$gI8VL7q+GjjX9GR+eWXxAQ==$4ZxCtGxY/hMZKfnD", "lastlogin": "2023-12-10T03:33:02Z"}}, {"model": "Home.loginattempt", "pk": 1, "fields": {"username": "login", "count": 5, "lastattempt": "2023-03-15T13:58:20.863+07:00"}}, {"model": "Home.loginattempt", "pk": 5, "fields": {"username": "a", "count": 1, "lastattempt": "2023-03-16T16:32:36.038+07:00"}}, {"model": "Home.loginattempt", "pk": 7, "fields": {"username": "Ida", "count": 1, "lastattempt": "2023-03-21T16:20:25.731+07:00"}}, {"model": "Home.loginattempt", "pk": 8, "fields": {"username": "asdfwe", "count": 3, "lastattempt": "2023-03-21T16:21:55.550+07:00"}}, {"model": "Home.loginattempt", "pk": 10, "fields": {"username": "p[oi[", "count": 1, "lastattempt": "2023-03-21T16:20:42.483+07:00"}}, {"model": "Home.loginattempt", "pk": 11, "fields": {"username": "3ijofdk", "count": 1, "lastattempt": "2023-03-21T16:20:46.983+07:00"}}, {"model": "Home.loginattempt", "pk": 12, "fields": {"username": "weifj;", "count": 1, "lastattempt": "2023-03-21T16:21:00.217+07:00"}}, {"model": "Home.loginattempt", "pk": 13, "fields": {"username": "asdf", "count": 2, "lastattempt": "2023-03-21T16:30:35.984+07:00"}}, {"model": "Home.loginattempt", "pk": 14, "fields": {"username": "asdfa", "count": 5, "lastattempt": "2023-03-21T16:31:11.715+07:00"}}, {"model": "Home.loginattempt", "pk": 15, "fields": {"username": "awefaj ;", "count": 1, "lastattempt": "2023-03-21T16:31:45.468+07:00"}}, {"model": "Home.loginattempt", "pk": 16, "fields": {"username": "sdadfa", "count": 1, "lastattempt": "2023-03-21T16:31:51.244+07:00"}}, {"model": "Home.loginattempt", "pk": 17, "fields": {"username": "aewrwoii", "count": 1, "lastattempt": "2023-03-21T16:32:04.317+07:00"}}, {"model": "Home.loginattempt", "pk": 20, "fields": {"username": "test", "count": 1, "lastattempt": "2023-12-09T20:29:04.274Z"}}, {"model": "Home.authpermission", "pk": 1, "fields": {"name": "Can add log entry", "content_type": 1, "codename": "add_logentry"}}, {"model": "Home.authpermission", "pk": 2, "fields": {"name": "Can change log entry", "content_type": 1, "codename": "change_logentry"}}, {"model": "Home.authpermission", "pk": 3, "fields": {"name": "Can delete log entry", "content_type": 1, "codename": "delete_logentry"}}, {"model": "Home.authpermission", "pk": 4, "fields": {"name": "Can view log entry", "content_type": 1, "codename": "view_logentry"}}, {"model": "Home.authpermission", "pk": 5, "fields": {"name": "Can add permission", "content_type": 2, "codename": "add_permission"}}, {"model": "Home.authpermission", "pk": 6, "fields": {"name": "Can change permission", "content_type": 2, "codename": "change_permission"}}, {"model": "Home.authpermission", "pk": 7, "fields": {"name": "Can delete permission", "content_type": 2, "codename": "delete_permission"}}, {"model": "Home.authpermission", "pk": 8, "fields": {"name": "Can view permission", "content_type": 2, "codename": "view_permission"}}, {"model": "Home.authpermission", "pk": 9, "fields": {"name": "Can add group", "content_type": 3, "codename": "add_group"}}, {"model": "Home.authpermission", "pk": 10, "fields": {"name": "Can change group", "content_type": 3, "codename": "change_group"}}, {"model": "Home.authpermission", "pk": 11, "fields": {"name": "Can delete group", "content_type": 3, "codename": "delete_group"}}, {"model": "Home.authpermission", "pk": 12, "fields": {"name": "Can view group", "content_type": 3, "codename": "view_group"}}, {"model": "Home.authpermission", "pk": 13, "fields": {"name": "Can add user", "content_type": 4, "codename": "add_user"}}, {"model": "Home.authpermission", "pk": 14, "fields": {"name": "Can change user", "content_type": 4, "codename": "change_user"}}, {"model": "Home.authpermission", "pk": 15, "fields": {"name": "Can delete user", "content_type": 4, "codename": "delete_user"}}, {"model": "Home.authpermission", "pk": 16, "fields": {"name": "Can view user", "content_type": 4, "codename": "view_user"}}, {"model": "Home.authpermission", "pk": 17, "fields": {"name": "Can add content type", "content_type": 5, "codename": "add_contenttype"}}, {"model": "Home.authpermission", "pk": 18, "fields": {"name": "Can change content type", "content_type": 5, "codename": "change_contenttype"}}, {"model": "Home.authpermission", "pk": 19, "fields": {"name": "Can delete content type", "content_type": 5, "codename": "delete_contenttype"}}, {"model": "Home.authpermission", "pk": 20, "fields": {"name": "Can view content type", "content_type": 5, "codename": "view_contenttype"}}, {"model": "Home.authpermission", "pk": 21, "fields": {"name": "Can add session", "content_type": 6, "codename": "add_session"}}, {"model": "Home.authpermission", "pk": 22, "fields": {"name": "Can change session", "content_type": 6, "codename": "change_session"}}, {"model": "Home.authpermission", "pk": 23, "fields": {"name": "Can delete session", "content_type": 6, "codename": "delete_session"}}, {"model": "Home.authpermission", "pk": 24, "fields": {"name": "Can view session", "content_type": 6, "codename": "view_session"}}, {"model": "Home.authpermission", "pk": 25, "fields": {"name": "Can add auth group", "content_type": 7, "codename": "add_authgroup"}}, {"model": "Home.authpermission", "pk": 26, "fields": {"name": "Can change auth group", "content_type": 7, "codename": "change_authgroup"}}, {"model": "Home.authpermission", "pk": 27, "fields": {"name": "Can delete auth group", "content_type": 7, "codename": "delete_authgroup"}}, {"model": "Home.authpermission", "pk": 28, "fields": {"name": "Can view auth group", "content_type": 7, "codename": "view_authgroup"}}, {"model": "Home.authpermission", "pk": 29, "fields": {"name": "Can add auth group permissions", "content_type": 8, "codename": "add_authgrouppermissions"}}, {"model": "Home.authpermission", "pk": 30, "fields": {"name": "Can change auth group permissions", "content_type": 8, "codename": "change_authgrouppermissions"}}, {"model": "Home.authpermission", "pk": 31, "fields": {"name": "Can delete auth group permissions", "content_type": 8, "codename": "delete_authgrouppermissions"}}, {"model": "Home.authpermission", "pk": 32, "fields": {"name": "Can view auth group permissions", "content_type": 8, "codename": "view_authgrouppermissions"}}, {"model": "Home.authpermission", "pk": 33, "fields": {"name": "Can add auth permission", "content_type": 9, "codename": "add_authpermission"}}, {"model": "Home.authpermission", "pk": 34, "fields": {"name": "Can change auth permission", "content_type": 9, "codename": "change_authpermission"}}, {"model": "Home.authpermission", "pk": 35, "fields": {"name": "Can delete auth permission", "content_type": 9, "codename": "delete_authpermission"}}, {"model": "Home.authpermission", "pk": 36, "fields": {"name": "Can view auth permission", "content_type": 9, "codename": "view_authpermission"}}, {"model": "Home.authpermission", "pk": 37, "fields": {"name": "Can add auth user", "content_type": 10, "codename": "add_authuser"}}, {"model": "Home.authpermission", "pk": 38, "fields": {"name": "Can change auth user", "content_type": 10, "codename": "change_authuser"}}, {"model": "Home.authpermission", "pk": 39, "fields": {"name": "Can delete auth user", "content_type": 10, "codename": "delete_authuser"}}, {"model": "Home.authpermission", "pk": 40, "fields": {"name": "Can view auth user", "content_type": 10, "codename": "view_authuser"}}, {"model": "Home.authpermission", "pk": 41, "fields": {"name": "Can add auth user groups", "content_type": 11, "codename": "add_authusergroups"}}, {"model": "Home.authpermission", "pk": 42, "fields": {"name": "Can change auth user groups", "content_type": 11, "codename": "change_authusergroups"}}, {"model": "Home.authpermission", "pk": 43, "fields": {"name": "Can delete auth user groups", "content_type": 11, "codename": "delete_authusergroups"}}, {"model": "Home.authpermission", "pk": 44, "fields": {"name": "Can view auth user groups", "content_type": 11, "codename": "view_authusergroups"}}, {"model": "Home.authpermission", "pk": 45, "fields": {"name": "Can add auth user user permissions", "content_type": 12, "codename": "add_authuseruserpermissions"}}, {"model": "Home.authpermission", "pk": 46, "fields": {"name": "Can change auth user user permissions", "content_type": 12, "codename": "change_authuseruserpermissions"}}, {"model": "Home.authpermission", "pk": 47, "fields": {"name": "Can delete auth user user permissions", "content_type": 12, "codename": "delete_authuseruserpermissions"}}, {"model": "Home.authpermission", "pk": 48, "fields": {"name": "Can view auth user user permissions", "content_type": 12, "codename": "view_authuseruserpermissions"}}, {"model": "Home.authpermission", "pk": 49, "fields": {"name": "Can add chatlist", "content_type": 13, "codename": "add_chatlist"}}, {"model": "Home.authpermission", "pk": 50, "fields": {"name": "Can change chatlist", "content_type": 13, "codename": "change_chatlist"}}, {"model": "Home.authpermission", "pk": 51, "fields": {"name": "Can delete chatlist", "content_type": 13, "codename": "delete_chatlist"}}, {"model": "Home.authpermission", "pk": 52, "fields": {"name": "Can view chatlist", "content_type": 13, "codename": "view_chatlist"}}, {"model": "Home.authpermission", "pk": 53, "fields": {"name": "Can add django admin log", "content_type": 14, "codename": "add_djangoadminlog"}}, {"model": "Home.authpermission", "pk": 54, "fields": {"name": "Can change django admin log", "content_type": 14, "codename": "change_djangoadminlog"}}, {"model": "Home.authpermission", "pk": 55, "fields": {"name": "Can delete django admin log", "content_type": 14, "codename": "delete_djangoadminlog"}}, {"model": "Home.authpermission", "pk": 56, "fields": {"name": "Can view django admin log", "content_type": 14, "codename": "view_djangoadminlog"}}, {"model": "Home.authpermission", "pk": 57, "fields": {"name": "Can add django content type", "content_type": 15, "codename": "add_djangocontenttype"}}, {"model": "Home.authpermission", "pk": 58, "fields": {"name": "Can change django content type", "content_type": 15, "codename": "change_djangocontenttype"}}, {"model": "Home.authpermission", "pk": 59, "fields": {"name": "Can delete django content type", "content_type": 15, "codename": "delete_djangocontenttype"}}, {"model": "Home.authpermission", "pk": 60, "fields": {"name": "Can view django content type", "content_type": 15, "codename": "view_djangocontenttype"}}, {"model": "Home.authpermission", "pk": 61, "fields": {"name": "Can add django migrations", "content_type": 16, "codename": "add_djangomigrations"}}, {"model": "Home.authpermission", "pk": 62, "fields": {"name": "Can change django migrations", "content_type": 16, "codename": "change_djangomigrations"}}, {"model": "Home.authpermission", "pk": 63, "fields": {"name": "Can delete django migrations", "content_type": 16, "codename": "delete_djangomigrations"}}, {"model": "Home.authpermission", "pk": 64, "fields": {"name": "Can view django migrations", "content_type": 16, "codename": "view_djangomigrations"}}, {"model": "Home.authpermission", "pk": 65, "fields": {"name": "Can add django session", "content_type": 17, "codename": "add_djangosession"}}, {"model": "Home.authpermission", "pk": 66, "fields": {"name": "Can change django session", "content_type": 17, "codename": "change_djangosession"}}, {"model": "Home.authpermission", "pk": 67, "fields": {"name": "Can delete django session", "content_type": 17, "codename": "delete_djangosession"}}, {"model": "Home.authpermission", "pk": 68, "fields": {"name": "Can view django session", "content_type": 17, "codename": "view_djangosession"}}, {"model": "Home.authpermission", "pk": 69, "fields": {"name": "Can add contactus", "content_type": 18, "codename": "add_contactus"}}, {"model": "Home.authpermission", "pk": 70, "fields": {"name": "Can change contactus", "content_type": 18, "codename": "change_contactus"}}, {"model": "Home.authpermission", "pk": 71, "fields": {"name": "Can delete contactus", "content_type": 18, "codename": "delete_contactus"}}, {"model": "Home.authpermission", "pk": 72, "fields": {"name": "Can view contactus", "content_type": 18, "codename": "view_contactus"}}, {"model": "Home.authpermission", "pk": 73, "fields": {"name": "Can add user first login", "content_type": 19, "codename": "add_userfirstlogin"}}, {"model": "Home.authpermission", "pk": 74, "fields": {"name": "Can change user first login", "content_type": 19, "codename": "change_userfirstlogin"}}, {"model": "Home.authpermission", "pk": 75, "fields": {"name": "Can delete user first login", "content_type": 19, "codename": "delete_userfirstlogin"}}, {"model": "Home.authpermission", "pk": 76, "fields": {"name": "Can view user first login", "content_type": 19, "codename": "view_userfirstlogin"}}, {"model": "Home.authpermission", "pk": 77, "fields": {"name": "Can add userlogin", "content_type": 20, "codename": "add_userlogin"}}, {"model": "Home.authpermission", "pk": 78, "fields": {"name": "Can change userlogin", "content_type": 20, "codename": "change_userlogin"}}, {"model": "Home.authpermission", "pk": 79, "fields": {"name": "Can delete userlogin", "content_type": 20, "codename": "delete_userlogin"}}, {"model": "Home.authpermission", "pk": 80, "fields": {"name": "Can view userlogin", "content_type": 20, "codename": "view_userlogin"}}, {"model": "Home.authpermission", "pk": 81, "fields": {"name": "Can add auth group", "content_type": 21, "codename": "add_authgroup"}}, {"model": "Home.authpermission", "pk": 82, "fields": {"name": "Can change auth group", "content_type": 21, "codename": "change_authgroup"}}, {"model": "Home.authpermission", "pk": 83, "fields": {"name": "Can delete auth group", "content_type": 21, "codename": "delete_authgroup"}}, {"model": "Home.authpermission", "pk": 84, "fields": {"name": "Can view auth group", "content_type": 21, "codename": "view_authgroup"}}, {"model": "Home.authpermission", "pk": 85, "fields": {"name": "Can add auth group permissions", "content_type": 22, "codename": "add_authgrouppermissions"}}, {"model": "Home.authpermission", "pk": 86, "fields": {"name": "Can change auth group permissions", "content_type": 22, "codename": "change_authgrouppermissions"}}, {"model": "Home.authpermission", "pk": 87, "fields": {"name": "Can delete auth group permissions", "content_type": 22, "codename": "delete_authgrouppermissions"}}, {"model": "Home.authpermission", "pk": 88, "fields": {"name": "Can view auth group permissions", "content_type": 22, "codename": "view_authgrouppermissions"}}, {"model": "Home.authpermission", "pk": 89, "fields": {"name": "Can add auth permission", "content_type": 23, "codename": "add_authpermission"}}, {"model": "Home.authpermission", "pk": 90, "fields": {"name": "Can change auth permission", "content_type": 23, "codename": "change_authpermission"}}, {"model": "Home.authpermission", "pk": 91, "fields": {"name": "Can delete auth permission", "content_type": 23, "codename": "delete_authpermission"}}, {"model": "Home.authpermission", "pk": 92, "fields": {"name": "Can view auth permission", "content_type": 23, "codename": "view_authpermission"}}, {"model": "Home.authpermission", "pk": 93, "fields": {"name": "Can add auth user", "content_type": 24, "codename": "add_authuser"}}, {"model": "Home.authpermission", "pk": 94, "fields": {"name": "Can change auth user", "content_type": 24, "codename": "change_authuser"}}, {"model": "Home.authpermission", "pk": 95, "fields": {"name": "Can delete auth user", "content_type": 24, "codename": "delete_authuser"}}, {"model": "Home.authpermission", "pk": 96, "fields": {"name": "Can view auth user", "content_type": 24, "codename": "view_authuser"}}, {"model": "Home.authpermission", "pk": 97, "fields": {"name": "Can add auth user groups", "content_type": 25, "codename": "add_authusergroups"}}, {"model": "Home.authpermission", "pk": 98, "fields": {"name": "Can change auth user groups", "content_type": 25, "codename": "change_authusergroups"}}, {"model": "Home.authpermission", "pk": 99, "fields": {"name": "Can delete auth user groups", "content_type": 25, "codename": "delete_authusergroups"}}, {"model": "Home.authpermission", "pk": 100, "fields": {"name": "Can view auth user groups", "content_type": 25, "codename": "view_authusergroups"}}, {"model": "Home.authpermission", "pk": 101, "fields": {"name": "Can add auth user user permissions", "content_type": 26, "codename": "add_authuseruserpermissions"}}, {"model": "Home.authpermission", "pk": 102, "fields": {"name": "Can change auth user user permissions", "content_type": 26, "codename": "change_authuseruserpermissions"}}, {"model": "Home.authpermission", "pk": 103, "fields": {"name": "Can delete auth user user permissions", "content_type": 26, "codename": "delete_authuseruserpermissions"}}, {"model": "Home.authpermission", "pk": 104, "fields": {"name": "Can view auth user user permissions", "content_type": 26, "codename": "view_authuseruserpermissions"}}, {"model": "Home.authpermission", "pk": 105, "fields": {"name": "Can add django admin log", "content_type": 27, "codename": "add_djangoadminlog"}}, {"model": "Home.authpermission", "pk": 106, "fields": {"name": "Can change django admin log", "content_type": 27, "codename": "change_djangoadminlog"}}, {"model": "Home.authpermission", "pk": 107, "fields": {"name": "Can delete django admin log", "content_type": 27, "codename": "delete_djangoadminlog"}}, {"model": "Home.authpermission", "pk": 108, "fields": {"name": "Can view django admin log", "content_type": 27, "codename": "view_djangoadminlog"}}, {"model": "Home.authpermission", "pk": 109, "fields": {"name": "Can add django content type", "content_type": 28, "codename": "add_djangocontenttype"}}, {"model": "Home.authpermission", "pk": 110, "fields": {"name": "Can change django content type", "content_type": 28, "codename": "change_djangocontenttype"}}, {"model": "Home.authpermission", "pk": 111, "fields": {"name": "Can delete django content type", "content_type": 28, "codename": "delete_djangocontenttype"}}, {"model": "Home.authpermission", "pk": 112, "fields": {"name": "Can view django content type", "content_type": 28, "codename": "view_djangocontenttype"}}, {"model": "Home.authpermission", "pk": 113, "fields": {"name": "Can add django migrations", "content_type": 29, "codename": "add_djangomigrations"}}, {"model": "Home.authpermission", "pk": 114, "fields": {"name": "Can change django migrations", "content_type": 29, "codename": "change_djangomigrations"}}, {"model": "Home.authpermission", "pk": 115, "fields": {"name": "Can delete django migrations", "content_type": 29, "codename": "delete_djangomigrations"}}, {"model": "Home.authpermission", "pk": 116, "fields": {"name": "Can view django migrations", "content_type": 29, "codename": "view_djangomigrations"}}, {"model": "Home.authpermission", "pk": 117, "fields": {"name": "Can add django session", "content_type": 30, "codename": "add_djangosession"}}, {"model": "Home.authpermission", "pk": 118, "fields": {"name": "Can change django session", "content_type": 30, "codename": "change_djangosession"}}, {"model": "Home.authpermission", "pk": 119, "fields": {"name": "Can delete django session", "content_type": 30, "codename": "delete_djangosession"}}, {"model": "Home.authpermission", "pk": 120, "fields": {"name": "Can view django session", "content_type": 30, "codename": "view_djangosession"}}, {"model": "Home.authpermission", "pk": 121, "fields": {"name": "Can add user first login", "content_type": 31, "codename": "add_userfirstlogin"}}, {"model": "Home.authpermission", "pk": 122, "fields": {"name": "Can change user first login", "content_type": 31, "codename": "change_userfirstlogin"}}, {"model": "Home.authpermission", "pk": 123, "fields": {"name": "Can delete user first login", "content_type": 31, "codename": "delete_userfirstlogin"}}, {"model": "Home.authpermission", "pk": 124, "fields": {"name": "Can view user first login", "content_type": 31, "codename": "view_userfirstlogin"}}, {"model": "Home.authpermission", "pk": 125, "fields": {"name": "Can add userlogin", "content_type": 32, "codename": "add_userlogin"}}, {"model": "Home.authpermission", "pk": 126, "fields": {"name": "Can change userlogin", "content_type": 32, "codename": "change_userlogin"}}, {"model": "Home.authpermission", "pk": 127, "fields": {"name": "Can delete userlogin", "content_type": 32, "codename": "delete_userlogin"}}, {"model": "Home.authpermission", "pk": 128, "fields": {"name": "Can view userlogin", "content_type": 32, "codename": "view_userlogin"}}, {"model": "Home.authpermission", "pk": 129, "fields": {"name": "Can add chatlist", "content_type": 33, "codename": "add_chatlist"}}, {"model": "Home.authpermission", "pk": 130, "fields": {"name": "Can change chatlist", "content_type": 33, "codename": "change_chatlist"}}, {"model": "Home.authpermission", "pk": 131, "fields": {"name": "Can delete chatlist", "content_type": 33, "codename": "delete_chatlist"}}, {"model": "Home.authpermission", "pk": 132, "fields": {"name": "Can view chatlist", "content_type": 33, "codename": "view_chatlist"}}, {"model": "Home.authpermission", "pk": 133, "fields": {"name": "Can add contactus", "content_type": 34, "codename": "add_contactus"}}, {"model": "Home.authpermission", "pk": 134, "fields": {"name": "Can change contactus", "content_type": 34, "codename": "change_contactus"}}, {"model": "Home.authpermission", "pk": 135, "fields": {"name": "Can delete contactus", "content_type": 34, "codename": "delete_contactus"}}, {"model": "Home.authpermission", "pk": 136, "fields": {"name": "Can view contactus", "content_type": 34, "codename": "view_contactus"}}, {"model": "Home.authpermission", "pk": 137, "fields": {"name": "Can add login attempt", "content_type": 35, "codename": "add_loginattempt"}}, {"model": "Home.authpermission", "pk": 138, "fields": {"name": "Can change login attempt", "content_type": 35, "codename": "change_loginattempt"}}, {"model": "Home.authpermission", "pk": 139, "fields": {"name": "Can delete login attempt", "content_type": 35, "codename": "delete_loginattempt"}}, {"model": "Home.authpermission", "pk": 140, "fields": {"name": "Can view login attempt", "content_type": 35, "codename": "view_loginattempt"}}, {"model": "Home.authuser", "pk": 1, "fields": {"password": "pbkdf2_sha256$260000$SQV47mjKNQhJRSDEXT6yxZ$wAzhyKkYF5P/43VQeMiJYqSjppNMLfr0HnIWcqijU3k=", "last_login": "2023-04-03T03:28:28.527Z", "is_superuser": true, "username": "admin", "first_name": "", "last_name": "", "email": "admin@example.com", "is_staff": true, "is_active": true, "date_joined": "2023-02-24T15:12:55.703+07:00"}}, {"model": "Home.djangoadminlog", "pk": 1, "fields": {"action_time": "2023-02-24T15:16:10.724+07:00", "object_id": "2", "object_repr": "Userlogin object (2)", "action_flag": 1, "change_message": "[{\"added\": {}}]", "content_type": 32, "user": 1}}, {"model": "Home.djangoadminlog", "pk": 2, "fields": {"action_time": "2023-03-10T15:18:26.840+07:00", "object_id": "2", "object_repr": "Userlogin object (2)", "action_flag": 2, "change_message": "[{\"changed\": {\"fields\": [\"Password\"]}}]", "content_type": 32, "user": 1}}, {"model": "Home.djangocontenttype", "pk": 1, "fields": {"app_label": "admin", "model": "logentry"}}, {"model": "Home.djangocontenttype", "pk": 2, "fields": {"app_label": "auth", "model": "permission"}}, {"model": "Home.djangocontenttype", "pk": 3, "fields": {"app_label": "auth", "model": "group"}}, {"model": "Home.djangocontenttype", "pk": 4, "fields": {"app_label": "auth", "model": "user"}}, {"model": "Home.djangocontenttype", "pk": 5, "fields": {"app_label": "contenttypes", "model": "contenttype"}}, {"model": "Home.djangocontenttype", "pk": 6, "fields": {"app_label": "sessions", "model": "session"}}, {"model": "Home.djangocontenttype", "pk": 7, "fields": {"app_label": "FirstApp", "model": "authgroup"}}, {"model": "Home.djangocontenttype", "pk": 8, "fields": {"app_label": "FirstApp", "model": "authgrouppermissions"}}, {"model": "Home.djangocontenttype", "pk": 9, "fields": {"app_label": "FirstApp", "model": "authpermission"}}, {"model": "Home.djangocontenttype", "pk": 10, "fields": {"app_label": "FirstApp", "model": "authuser"}}, {"model": "Home.djangocontenttype", "pk": 11, "fields": {"app_label": "FirstApp", "model": "authusergroups"}}, {"model": "Home.djangocontenttype", "pk": 12, "fields": {"app_label": "FirstApp", "model": "authuseruserpermissions"}}, {"model": "Home.djangocontenttype", "pk": 13, "fields": {"app_label": "FirstApp", "model": "chatlist"}}, {"model": "Home.djangocontenttype", "pk": 14, "fields": {"app_label": "FirstApp", "model": "djangoadminlog"}}, {"model": "Home.djangocontenttype", "pk": 15, "fields": {"app_label": "FirstApp", "model": "djangocontenttype"}}, {"model": "Home.djangocontenttype", "pk": 16, "fields": {"app_label": "FirstApp", "model": "djangomigrations"}}, {"model": "Home.djangocontenttype", "pk": 17, "fields": {"app_label": "FirstApp", "model": "djangosession"}}, {"model": "Home.djangocontenttype", "pk": 18, "fields": {"app_label": "FirstApp", "model": "contactus"}}, {"model": "Home.djangocontenttype", "pk": 19, "fields": {"app_label": "FirstApp", "model": "userfirstlogin"}}, {"model": "Home.djangocontenttype", "pk": 20, "fields": {"app_label": "FirstApp", "model": "userlogin"}}, {"model": "Home.djangocontenttype", "pk": 21, "fields": {"app_label": "Home", "model": "authgroup"}}, {"model": "Home.djangocontenttype", "pk": 22, "fields": {"app_label": "Home", "model": "authgrouppermissions"}}, {"model": "Home.djangocontenttype", "pk": 23, "fields": {"app_label": "Home", "model": "authpermission"}}, {"model": "Home.djangocontenttype", "pk": 24, "fields": {"app_label": "Home", "model": "authuser"}}, {"model": "Home.djangocontenttype", "pk": 25, "fields": {"app_label": "Home", "model": "authusergroups"}}, {"model": "Home.djangocontenttype", "pk": 26, "fields": {"app_label": "Home", "model": "authuseruserpermissions"}}, {"model": "Home.djangocontenttype", "pk": 27, "fields": {"app_label": "Home", "model": "djangoadminlog"}}, {"model": "Home.djangocontenttype", "pk": 28, "fields": {"app_label": "Home", "model": "djangocontenttype"}}, {"model": "Home.djangocontenttype", "pk": 29, "fields": {"app_label": "Home", "model": "djangomigrations"}}, {"model": "Home.djangocontenttype", "pk": 30, "fields": {"app_label": "Home", "model": "djangosession"}}, {"model": "Home.djangocontenttype", "pk": 31, "fields": {"app_label": "Home", "model": "userfirstlogin"}}, {"model": "Home.djangocontenttype", "pk": 32, "fields": {"app_label": "Home", "model": "userlogin"}}, {"model": "Home.djangocontenttype", "pk": 33, "fields": {"app_label": "Explore", "model": "chatlist"}}, {"model": "Home.djangocontenttype", "pk": 34, "fields": {"app_label": "Contact", "model": "contactus"}}, {"model": "Home.djangocontenttype", "pk": 35, "fields": {"app_label": "Home", "model": "loginattempt"}}, {"model": "Home.djangomigrations", "pk": 1, "fields": {"app": "FirstApp", "name": "0001_initial", "applied": "2022-09-23T12:31:51.116+07:00"}}, {"model": "Home.djangomigrations", "pk": 2, "fields": {"app": "FirstApp", "name": "0002_sqlitestudiotemptable", "applied": "2022-09-23T12:31:51.126+07:00"}}, {"model": "Home.djangomigrations", "pk": 3, "fields": {"app": "FirstApp", "name": "0003_auto_20220330_0857", "applied": "2022-09-23T12:31:51.133+07:00"}}, {"model": "Home.djangomigrations", "pk": 4, "fields": {"app": "FirstApp", "name": "0004_contactus_userfirstlogin_userlogin", "applied": "2022-09-23T12:31:51.144+07:00"}}, {"model": "Home.djangomigrations", "pk": 5, "fields": {"app": "contenttypes", "name": "0001_initial", "applied": "2022-09-23T12:31:51.168+07:00"}}, {"model": "Home.djangomigrations", "pk": 6, "fields": {"app": "auth", "name": "0001_initial", "applied": "2022-09-23T12:31:51.407+07:00"}}, {"model": "Home.djangomigrations", "pk": 7, "fields": {"app": "admin", "name": "0001_initial", "applied": "2022-09-23T12:31:51.463+07:00"}}, {"model": "Home.djangomigrations", "pk": 8, "fields": {"app": "admin", "name": "0002_logentry_remove_auto_add", "applied": "2022-09-23T12:31:51.474+07:00"}}, {"model": "Home.djangomigrations", "pk": 9, "fields": {"app": "admin", "name": "0003_logentry_add_action_flag_choices", "applied": "2022-09-23T12:31:51.487+07:00"}}, {"model": "Home.djangomigrations", "pk": 10, "fields": {"app": "contenttypes", "name": "0002_remove_content_type_name", "applied": "2022-09-23T12:31:51.514+07:00"}}, {"model": "Home.djangomigrations", "pk": 11, "fields": {"app": "auth", "name": "0002_alter_permission_name_max_length", "applied": "2022-09-23T12:31:51.527+07:00"}}, {"model": "Home.djangomigrations", "pk": 12, "fields": {"app": "auth", "name": "0003_alter_user_email_max_length", "applied": "2022-09-23T12:31:51.538+07:00"}}, {"model": "Home.djangomigrations", "pk": 13, "fields": {"app": "auth", "name": "0004_alter_user_username_opts", "applied": "2022-09-23T12:31:51.551+07:00"}}, {"model": "Home.djangomigrations", "pk": 14, "fields": {"app": "auth", "name": "0005_alter_user_last_login_null", "applied": "2022-09-23T12:31:51.562+07:00"}}, {"model": "Home.djangomigrations", "pk": 15, "fields": {"app": "auth", "name": "0006_require_contenttypes_0002", "applied": "2022-09-23T12:31:51.567+07:00"}}, {"model": "Home.djangomigrations", "pk": 16, "fields": {"app": "auth", "name": "0007_alter_validators_add_error_messages", "applied": "2022-09-23T12:31:51.580+07:00"}}, {"model": "Home.djangomigrations", "pk": 17, "fields": {"app": "auth", "name": "0008_alter_user_username_max_length", "applied": "2022-09-23T12:31:51.600+07:00"}}, {"model": "Home.djangomigrations", "pk": 18, "fields": {"app": "auth", "name": "0009_alter_user_last_name_max_length", "applied": "2022-09-23T12:31:51.612+07:00"}}, {"model": "Home.djangomigrations", "pk": 19, "fields": {"app": "auth", "name": "0010_alter_group_name_max_length", "applied": "2022-09-23T12:31:51.626+07:00"}}, {"model": "Home.djangomigrations", "pk": 20, "fields": {"app": "auth", "name": "0011_update_proxy_permissions", "applied": "2022-09-23T12:31:51.643+07:00"}}, {"model": "Home.djangomigrations", "pk": 21, "fields": {"app": "auth", "name": "0012_alter_user_first_name_max_length", "applied": "2022-09-23T12:31:51.654+07:00"}}, {"model": "Home.djangomigrations", "pk": 22, "fields": {"app": "sessions", "name": "0001_initial", "applied": "2022-09-23T12:31:51.692+07:00"}}, {"model": "Home.djangomigrations", "pk": 23, "fields": {"app": "Contact", "name": "0001_initial", "applied": "2023-02-23T10:18:04.662+07:00"}}, {"model": "Home.djangomigrations", "pk": 24, "fields": {"app": "Explore", "name": "0001_initial", "applied": "2023-02-23T10:18:04.668+07:00"}}, {"model": "Home.djangomigrations", "pk": 25, "fields": {"app": "Home", "name": "0001_initial", "applied": "2023-02-23T10:18:04.679+07:00"}}, {"model": "Home.djangomigrations", "pk": 27, "fields": {"app": "Home", "name": "0002_loginattempt", "applied": "2023-03-15T13:46:26.309+07:00"}}, {"model": "Home.djangosession", "pk": "00114z0rzkyyo87emfpanf6jiwseus2v", "fields": {"session_data": "eyJmaXJzdG5hbWUiOiJ1c2VyaGVybyIsIm5hbWUiOiJwcmVwYXJlciIsIl9zZXNzaW9uX2V4cGlyeSI6MzAwMDB9:1od1AW:HktS8zVWGsr-5x7l6AHeM5DNI6cizp1yA_kd6FLHDJk", "expire_date": "2022-09-27T18:42:00.460+07:00"}}, {"model": "Home.djangosession", "pk": "14ds1whnotatv7zloa9u51ddevj9mzny", "fields": {"session_data": ".eJyrVspLzE1VslLyTEksSS0uSS1S0lGKL04tLs7Mz4tPrSjILKpUsjI2AAIdpbTMouISDPW1ACJFF10:1pbzsg:JH4Z-cW2bJwmOJVal7x6FY82Du6yjcwmMBB_19f6NVM", "expire_date": "2023-03-14T23:39:38.846+07:00"}}, {"model": "Home.djangosession", "pk": "23zeeggt2maymuubcy1gb8d40q2elvug", "fields": {"session_data": "eyJmaXJzdG5hbWUiOiJ1c2VyaGVybyIsIm5hbWUiOiJwcmVwYXJlciJ9:1ol69T:83nLJ7wInGdkAvKiGwrPMMDcfSSAInduoMThUZNWOb4", "expire_date": "2022-11-02T17:18:19.259+07:00"}}, {"model": "Home.djangosession", "pk": "2w7jmn460sc0t9o11di9olf9pig0bbbk", "fields": {"session_data": ".eJyrVspLzE1VslLyTEksSS0uSS1S0lGKL04tLs7Mz4tPrSjILKpUsjI2AAIdpbTMouISDPW1ACJFF10:1pc0DS:CguDtP0rynYdIUFwqWarGqpNqANZ25wDVpgY20BgSkg", "expire_date": "2023-03-15T00:01:06.231+07:00"}}, {"model": "Home.djangosession", "pk": "48szvo33t0xedr7cqfsrd3gkggjt4rx2", "fields": {"session_data": ".eJyrVspLzE1VslLyTEksSS0uSS1S0lGKL04tLs7Mz4tPrSjILKpUsjI2AAIdpbTMouISDPW1ACJFF10:1pc29q:MDH7t37R-fADsY2g7TC3NM06y05j9E4TaCnIZtkoinE", "expire_date": "2023-03-15T02:05:30.624+07:00"}}, {"model": "Home.djangosession", "pk": "4pxqwh6m10u2sjzcjd6eo9wsqjvl7w13", "fields": {"session_data": "eyJmaXJzdG5hbWUiOiJ1c2VyaGVybyIsIm5hbWUiOiJwcmVwYXJlciJ9:1ohndm:HGplAy3IcoYweytKkg9X12hRww1UINnYDb7pWwXI7Dw", "expire_date": "2022-10-24T14:55:58.738+07:00"}}, {"model": "Home.djangosession", "pk": "4xk6fjqees2xw78fksr2pfm90rb5hh9q", "fields": {"session_data": ".eJyrVspLzE1VslLyTEksSS0uSS1S0lGKL04tLs7Mz4tPrSjILKpUsjI2AAIdpbTMouISDPW1ACJFF10:1peCh7:g5OyQ4I4mwVQBI9Ss7xeBecO7j014qzGrU-HCEN1NAQ", "expire_date": "2023-03-21T01:44:49.267+07:00"}}, {"model": "Home.djangosession", "pk": "5qw4x3jn5y9qnstbin46hht4dnnjee0o", "fields": {"session_data": "eyJmaXJzdG5hbWUiOiJ1c2VyaGVybyIsIm5hbWUiOiJwcmVwYXJlciJ9:1oxJSf:kK3ckUDtcxBfeW95gPaTjj64u16WCUuz4jKs22EjzTE", "expire_date": "2022-12-06T09:56:37.169+07:00"}}, {"model": "Home.djangosession", "pk": "5si4qfn957ctyudcvw376oe37pb1pbgu", "fields": {"session_data": ".eJyrVspLzE1VslLyTEksSS0uSS1S0lGKL04tLs7Mz4tPrSjILKpUsjI2AAIdpbTMouISDPW1ACJFF10:1pc14n:PsMBJQ1DkKIZHvTMvTl5Td5IT89hvv-fwATkqtp0Xs0", "expire_date": "2023-03-15T00:56:13.416+07:00"}}, {"model": "Home.djangosession", "pk": "6c8fv2d7k9ar9unmf5y0k43lhdo5bcd6", "fields": {"session_data": ".eJyrVoovTi0uzszPi0-tKMgsqlSyMjYAAh2ltMyi4pK8xNxUJSslz5TEktTiktQiJR0lDKFaAC9ZF10:1pclkt:O_naoUvFGPQIRYT_jzMWbr-QXdNGtzbAfIiBM3kltpo", "expire_date": "2023-03-17T02:46:47.075+07:00"}}, {"model": "Home.djangosession", "pk": "6yyftemtl250do4w6wg37rbgncva5860", "fields": {"session_data": ".eJxljcsOgjAQRf-la9L0BaUu3bnwG8jADFIfrWlLojH-u5Cw0HiXc8-c-2IdzGXq5kyp88h2TLLq-9bDcKGwFniGcIp8iKEk3_MV4Vub-TEiXfcb-yOYIE_Ld9M4CShIWQfGGa1BtTVIZwwCOSe1sgOa2gqlrGiRJGo1Wtlj7UzT4rhIA9xoMR0QCuVCad3JlLOPoaPH3acn22mxpGKjT7n88e8PBfJNfg:1pVVWC:cL7Ct0R_sbffUNOnTgWiVgG22BNjnoIfyxkR0agHORU", "expire_date": "2023-02-25T02:01:36.338+07:00"}}, {"model": "Home.djangosession", "pk": "76f3aco6pcc95d7ak55pb1hho6uttm93", "fields": {"session_data": "eyJmaXJzdG5hbWUiOiJ1c2VyaGVybyJ9:1obd8C:EKpSqCISRPf2Nw_Vp1vHx6IEIS4vM0RZCEsv6fj1knI", "expire_date": "2022-10-07T14:29:52.281+07:00"}}, {"model": "Home.djangosession", "pk": "7oj96qlr3mfjor9tpueznpcxd370lu9u", "fields": {"session_data": ".eJyrVspLzE1VslLyTEksSS0uSS1S0lGKL04tLs7Mz4tPrSjILKpUsjI2AAIdpbTMouISDPW1ACJFF10:1peCdj:qXWqSBTY3O1pGI2C-Vg05C7pw9SN2MXR56peAb0ZlRk", "expire_date": "2023-03-21T01:41:19.459+07:00"}}, {"model": "Home.djangosession", "pk": "7qtwquvphkmepy0cqh4r12jz4et5gm69", "fields": {"session_data": ".eJyrVspLzE1VslLyTEksSS0uSS1S0lGKL04tLs7Mz4tPrSjILKpUsjI2AAIdpbTMouISDPW1ACJFF10:1pmn3k:6Ne3evHmPld4Ddk0UeNeNf9MpCozDNQTAX-v2O8JXw8", "expire_date": "2023-04-13T11:11:40.046Z"}}, {"model": "Home.djangosession", "pk": "7x1ge88vgs4to6g4t30wiac0ayrrpwvx", "fields": {"session_data": "eyJmaXJzdG5hbWUiOiJ1c2VyaGVybyIsIm5hbWUiOiJwcmVwYXJlciJ9:1osdwe:QGpFdfEea3DU9w6_zjs06fRsPHe50RH52ubeZla4Ars", "expire_date": "2022-11-23T12:48:16.808+07:00"}}, {"model": "Home.djangosession", "pk": "842pvhpebpkcxupppuplhrbtj4mgcz4i", "fields": {"session_data": "eyJmaXJzdG5hbWUiOiJ1c2VyaGVybyIsIm5hbWUiOiJwcmVwYXJlciJ9:1ot2A4:D34W-2QtMH1f_vrrUOBOUNIf0LA3PJjeOPcMA4i9ffo", "expire_date": "2022-11-24T14:39:44.039+07:00"}}, {"model": "Home.djangosession", "pk": "8635o1zbjkcyliifmj05u0lzd7bvob5p", "fields": {"session_data": "eyJmaXJzdG5hbWUiOiJ1c2VyaGVybyIsIm5hbWUiOiJwcmVwYXJlciJ9:1odLhN:M5PkD20a0BMoQGVkIGTIlKBECK0qKCL8h72xOvVxJNE", "expire_date": "2022-10-12T08:17:17.156+07:00"}}, {"model": "Home.djangosession", "pk": "886pn6kpg72c5korvo7vwgyh01piyggl", "fields": {"session_data": "eyJfc2Vzc2lvbl9leHBpcnkiOjMwMDAwLCJmaXJzdG5hbWUiOiJJZGF0ZXN0ZXIifQ:1pc2SL:ai-epMtlmIOR7MwfbXx_UUx1I3N4mcKSm5zl3INe53Q", "expire_date": "2023-03-15T02:24:37.454+07:00"}}, {"model": "Home.djangosession", "pk": "8f82z1y02gmuupaccxp1yzbwczm310bs", "fields": {"session_data": ".eJyrVoovTi0uzszPi0-tKMgsqlSyMjYAAh2ltMyi4pK8xNxUJSslz5TEktTiktQiJR0lDKFaAC9ZF10:1pWUqD:c8AwqPuKZzkoaI3-Sm4AAfTsyoG09dlIXp2ikqeXnYs", "expire_date": "2023-02-27T19:30:21.083+07:00"}}, {"model": "Home.djangosession", "pk": "8ii5jnszbyitylucrx28ahs236nawxco", "fields": {"session_data": ".eJyrVoovTi0uzszPi0-tKMgsqlSyMjYAAh2ltMyi4pK8xNxUJSslz5TEktTiktQiJR0lDKFaAC9ZF10:1peYpQ:7WfuRzRk1uDndE0MbifTfPt1mSnJFF1jhmI1J23ILzQ", "expire_date": "2023-03-22T01:22:52.587+07:00"}}, {"model": "Home.djangosession", "pk": "8ye3wre2jodb5nusfcvxt5db6amdzpvm", "fields": {"session_data": "eyJmaXJzdG5hbWUiOiJ1c2VyaGVybyIsIm5hbWUiOiJwcmVwYXJlciJ9:1osd1B:A3cBo8SVgyM3nOmPlmsPmvzRPeyrwMPxAImv15Xgqzk", "expire_date": "2022-11-23T11:48:53.962+07:00"}}, {"model": "Home.djangosession", "pk": "96iba2rb9agolg049ly7zk2j0ppp1u08", "fields": {"session_data": ".eJyrVoovTi0uzszPi0-tKMgsqlSyMjYAAh2ltMyi4pK8xNxUJSslz5TEktTiktQiJR0lDKFaAC9ZF10:1peS3T:u7mpaXvqygdyEdXvx-TLHDWtG0yvfUwGVhpBz24-kgQ", "expire_date": "2023-03-21T18:08:55.769+07:00"}}, {"model": "Home.djangosession", "pk": "a9ni4nkpzrwkzfg760iaq5f1xjyb8cg3", "fields": {"session_data": ".eJyrVspLzE1VslLyTEksSS0uSS1S0lGKL04tLs7Mz4tPrSjILKpUsjI2AAIdpbTMouISDPW1ACJFF10:1pcHzi:6sPAV5JS87TBlmGLfIpMY_mYGi0lqPvLYUOMhqO74VA", "expire_date": "2023-03-15T19:00:06.204+07:00"}}, {"model": "Home.djangosession", "pk": "ahn37pd3isklo7svht3f2vcoej57w1lm", "fields": {"session_data": ".eJyrVspLzE1VslLyTEksSS0uSS1S0lGKL04tLs7Mz4tPrSjILKpUsjI2AAIdpbTMouISDPW1ACJFF10:1q3adC:TBvk6_qPCun5ES_8WWbEI9rtkhK5zZ5V8LFZo2I6TB8", "expire_date": "2023-05-29T19:21:42.958Z"}}, {"model": "Home.djangosession", "pk": "aq85va71e7qt1fjecqc41rms41jzwsqr", "fields": {"session_data": ".eJyrVspLzE1VslLyTEksSS0uSS1S0lGKL04tLs7Mz4tPrSjILKpUsjI2AAIdpbTMouISDPW1ACJFF10:1pcI2X:9nqyprOgebUVNTY74lsfgg339GCL-HPhvjCYkM1EH4w", "expire_date": "2023-03-15T19:03:01.107+07:00"}}, {"model": "Home.djangosession", "pk": "d9putsat9w9982xuyhec7wozts28dixu", "fields": {"session_data": ".eJyrVspLzE1VslLyTEksSS0uSS1S0lGKL04tLs7Mz4tPrSjILKpUsjI2AAIdpbTMouISDPW1ACJFF10:1pfaks:SLYKtnaBgxh_MTia-ajMi9p85y8TQs0udW3iwaXWMco", "expire_date": "2023-03-24T21:38:26.181+07:00"}}, {"model": "Home.djangosession", "pk": "dh8g6cy1ksm8896rzsswhazekcogzlx0", "fields": {"session_data": "eyJfc2Vzc2lvbl9leHBpcnkiOjMwMDAwLCJmaXJzdG5hbWUiOiJJZGF0ZXN0ZXIifQ:1qBtEF:SU2tmGDtA1-qcR7flC62gci9BNMOcxpfLn80kL9YeIE", "expire_date": "2023-06-21T16:50:15.287Z"}}, {"model": "Home.djangosession", "pk": "duaoel70kfebhkgttvij3jtrxj7h0udf", "fields": {"session_data": "eyJmaXJzdG5hbWUiOiJ1c2VyaGVybyJ9:1od12e:zCl-TaLLIaewKX7Rlyz16UtYquQXKoRuvU_TPbJ2WmE", "expire_date": "2022-10-11T10:13:52.339+07:00"}}, {"model": "Home.djangosession", "pk": "eddm10o13ha1ii1n5p4l7g749z8w7w3a", "fields": {"session_data": "eyJmaXJzdG5hbWUiOiJ1c2VyaGVybyIsIm5hbWUiOiJwcmVwYXJlciIsIl9zZXNzaW9uX2V4cGlyeSI6MzAwMDB9:1od7T7:KXJLQ-LCcDEff2K8OXBB14Z_H3H0hoWsK0imIQaI2GU", "expire_date": "2022-09-28T01:25:37.105+07:00"}}, {"model": "Home.djangosession", "pk": "eep9k8hpvvqdq0olzal4zpir0a6c1hze", "fields": {"session_data": "eyJmaXJzdG5hbWUiOiJ1c2VyaGVybyIsIl9zZXNzaW9uX2V4cGlyeSI6MzAwMDAsIm5hbWUiOiJwcmVwYXJlciJ9:1od17x:N0Fh1WKAkTRKDOEb_SaJnTdO-a9XghTaUOBuI--z1RI", "expire_date": "2022-09-27T18:39:21.521+07:00"}}, {"model": "Home.djangosession", "pk": "ej7i68nb82e9dk5q2fsvbaz654uvch1m", "fields": {"session_data": "eyJmaXJzdG5hbWUiOiJ1c2VyaGVybyIsIm5hbWUiOiJwcmVwYXJlciJ9:1ofEcg:H61nlExF_6b-W9zmJZPUO1afjOKbZ7GpgcNSNjS1rio", "expire_date": "2022-10-17T13:08:14.313+07:00"}}, {"model": "Home.djangosession", "pk": "ejdrdf4rqrjucsluvysg9e8y0yis9fbb", "fields": {"session_data": "eyJfc2Vzc2lvbl9leHBpcnkiOjMwMDAwLCJmaXJzdG5hbWUiOiJJZGF0ZXN0ZXIifQ:1pcL9a:zn5B9U_pce5rtBLnzWBSxLI8P6CgrX5ehccq7DS8NvI", "expire_date": "2023-03-15T22:22:30.235+07:00"}}, {"model": "Home.djangosession", "pk": "emcysov82keajg2w8dxghrksomhcl2zw", "fields": {"session_data": ".eJxVjMsOwiAURP-FdUNKqRW6dOfCbyAX7sXiAwzQRGP8d9ukm85yzpn5MlOolJCiofcr5A8bZbukYT7kUiM8iY3sjFCpVMqsYQbmOpm5UDYBFyb2nQV3p7gCvEG8Ju5SrDlYvip8o4VfEtLjtLm7gwnKtKwdHFUvhEQnPAo7IPa9Ul4cOi3REnQOwJOyrXdCa41W2c4DWacl0aAH9vsDmXlJtQ:1pjArs:zdrGjVNQpHzZ6xNgdxBw7quT-nnAXxEc5uiIjM1L4k4", "expire_date": "2023-04-03T11:48:28.545Z"}}, {"model": "Home.djangosession", "pk": "ewe5llktogs8ekfg8q8owi3f0sv0q815", "fields": {"session_data": ".eJxVTksOwiAQvQtr09BOgdCle89ABoYKfsBAm2iMd7ckLuzbzfvOm82x1CXh3bOJrdUXdmAG1yWYdphIG93vOYvu6lMT6ILpnDuX01Ki7Zql-6m1O2Xyt-PPuysIWMOWHgVoNSs-SqmhBwdcECehvUM9IFfSgSWgWZEV0tIouQZSKMACDiBb6d_fwZfcZqqvNeZk_PMRy4tNwDd8vqrjS-E:1pVUAl:zoj5S3xHjUGwS-JEzLMqf-hsU21taWDKlLtlV0GC4_E", "expire_date": "2023-02-25T00:35:23.650+07:00"}}, {"model": "Home.djangosession", "pk": "f0d7si4q3b94308t3qu8n508ukdrsapz", "fields": {"session_data": "eyJmaXJzdG5hbWUiOiJ1c2VyaGVybyIsIm5hbWUiOiJwcmVwYXJlciJ9:1ofHWC:-6sb_TWv_zBSAQ0NkzndgvVx4gLrdAKH40OeA2EX8Ts", "expire_date": "2022-10-17T16:13:44.125+07:00"}}, {"model": "Home.djangosession", "pk": "f3fqximiyz1xzsrjus5itrh07ld0jve1", "fields": {"session_data": ".eJyrVspLzE1VslLyTEksSS0uSS1S0lGKL04tLs7Mz4tPrSjILKpUsjI2AAIdpbTMouISDPW1ACJFF10:1pmXVc:wLEWw0XVZaARO-VpxV-PRJO_COIydr4CDKkNw2-AzbQ", "expire_date": "2023-04-12T18:35:24.553Z"}}, {"model": "Home.djangosession", "pk": "f5hh5dduy9g212iskb4sxny61g5sy74d", "fields": {"session_data": ".eJyrVoovTi0uzszPi0-tKMgsqlSyMjYAAh2ltMyi4pK8xNxUJSslz5TEktTiktQiJR0lDKFaAC9ZF10:1pc147:88ltN-dXf-ceZo1_DzRLlPXPP19rtq9eBJonLB08DOI", "expire_date": "2023-03-15T00:55:31.780+07:00"}}, {"model": "Home.djangosession", "pk": "fr8yxssz1w9qs5q8of7zjc745nqec0cp", "fields": {"session_data": "eyJmaXJzdG5hbWUiOiJ1c2VyaGVybyIsIm5hbWUiOiJwcmVwYXJlciJ9:1odLgg:H9iNYqrp3IoKqotBn6TCSQt6J0FhTkC5L1GGmXBYz18", "expire_date": "2022-10-12T08:16:34.962+07:00"}}, {"model": "Home.djangosession", "pk": "g8u8tp2a3hfsbvnzlujjr89o02r32vjr", "fields": {"session_data": ".eJyrVspLzE1VslLyTEksSS0uSS1S0lGKL04tLs7Mz4tPrSjILKpUsjI2AAIdpbTMouISDPW1ACJFF10:1peB1e:XOfMVtl9A_Y9E88_cw6YHYjc9hBChK7gUUfzP_EGiXA", "expire_date": "2023-03-20T23:57:54.255+07:00"}}, {"model": "Home.djangosession", "pk": "gn6cg6jbyzc8erp5z6756idfropmnamr", "fields": {"session_data": "eyJmaXJzdG5hbWUiOiJ1c2VyaGVybyIsIm5hbWUiOiJwcmVwYXJlciJ9:1osd1X:_iIbE1g8kFT7NI_pVXBnvxSgpQ2l0ihTxRfzsunO1Kc", "expire_date": "2022-11-23T11:49:15.880+07:00"}}, {"model": "Home.djangosession", "pk": "gs0l1pans7z12sa806jqk2z5va84xbb9", "fields": {"session_data": ".eJxVjMsOgjAQRf-la9P0BaUs3bnwG5qBGaQ-iqEl0Rj_3WJY6OzuuXfOi3lY8uiXRLMPyFom2e6XddBfKK4FniGeJt5PMc-h4-uEb23ixwnput-2f4IR0li-69pJQEHKOjDOaA2qqUA6YxDIOamV7dFUVihlRYMkUavByg4rZ-oGhyIdwpxyhBsV3aouaEsHhEwpf5FPlFKYoqfHPcxP1mpR7v0BjthLmA:1pVVA3:ikczzhvLGCsTd46ggQxp31SnUPHlBByOolhf2Ng8C8E", "expire_date": "2023-02-25T01:38:43.893+07:00"}}, {"model": "Home.djangosession", "pk": "h6mur9rwply2lsrm5sf5ib27ep2ndlc0", "fields": {"session_data": "eyJmaXJzdG5hbWUiOiJ1c2VyaGVybyIsIm5hbWUiOiJwcmVwYXJlciJ9:1osdhA:dYOdAuwm9Dgnf7YCjDYwsVvaBZ4gqxeudWffvEslo8s", "expire_date": "2022-11-23T12:32:16.256+07:00"}}, {"model": "Home.djangosession", "pk": "i0s9oi590wbfiy9o86te6rs6k3e1cz3s", "fields": {"session_data": ".eJyrVspLzE1VslLyTEksSS0uSS1S0lGKL04tLs7Mz4tPrSjILKpUsjI2AAIdpbTMouISDPW1ACJFF10:1pe6M9:vHYQfdRZzlYDfMaQzztQZDDg1A5MmoAqznZ5f9gvPmg", "expire_date": "2023-03-20T18:58:45.170+07:00"}}, {"model": "Home.djangosession", "pk": "i7yd0gcaj8lzuer54a6faukg79icxp5f", "fields": {"session_data": ".eJyrVspLzE1VslLyTEksSS0uSS1S0lGKL04tLs7Mz4tPrSjILKpUsjI2AAIdpbTMouISDPW1ACJFF10:1pcI5F:SfOGfPXTsSzElo2Nx_Nz429T4eCBN_Ba4YuVWPt4KOY", "expire_date": "2023-03-15T19:05:49.082+07:00"}}, {"model": "Home.djangosession", "pk": "iskk6d65kgad4rz5v6bhgh21pf8ck0lh", "fields": {"session_data": ".eJyrVspLzE1VslLyTEksSS0uSS1S0lGKL04tLs7Mz4tPrSjILKpUsjI2AAIdpbTMouISDPW1ACJFF10:1peCOH:NHwaVAwC4E_HB_1DWyVDFhXnZ7l4jTvNlzuCGYAlcF4", "expire_date": "2023-03-21T01:25:21.476+07:00"}}, {"model": "Home.djangosession", "pk": "istbf9zsdd7tps158oby5fg75xqa1t6r", "fields": {"session_data": ".eJyrVspLzE1VslLyTEksSS0uSS1S0lGKL04tLs7Mz4tPrSjILKpUsjI2AAIdpbTMouISDPW1ACJFF10:1r7yCJ:O2Jae5OE6aKksRA7euEywLiCQrwB_nizNe3YiaMa11M", "expire_date": "2023-11-28T21:52:19.082Z"}}, {"model": "Home.djangosession", "pk": "kl8wl1ib2bfqu1m3irknh3l3ftyb0t13", "fields": {"session_data": ".eJyrVspLzE1VslLyTEksSS0uSS1S0lGKL04tLs7Mz4tPrSjILKpUsjI2AAIdpbTMouISDPW1ACJFF10:1pcIyL:HuFW4-x94jsn7lMvUJjeIV52BFefreBtBGy0UCsfiGU", "expire_date": "2023-03-15T20:02:45.701+07:00"}}, {"model": "Home.djangosession", "pk": "kvq4zv2n17mk3c4ic54xwvoacl2b3qyv", "fields": {"session_data": "eyJmaXJzdG5hbWUiOiJ1c2VyaGVybyJ9:1oixFQ:UtVUvTIMesxkC387s0Nalo9Z_ChQBMTkco_z3rmmqpc", "expire_date": "2022-10-27T19:23:36.126+07:00"}}, {"model": "Home.djangosession", "pk": "l5e95ax53ykx3wzcuhzcuoqg0d54vkrv", "fields": {"session_data": ".eJxVjDsOwjAQBe_iGlmsY4xNSZ8zRPszDiBHipMKcXeIlALaNzPvZQZclzKsTedhFHMxYA6_GyE_tG5A7lhvk-WpLvNIdlPsTpvtJ9HndXf_Dgq28q0Zz9EDdMKQBSiIeB9jhpNLnZCiY8SskY6ZIaUkFMllVOLUqYYUzPsDClE5WQ:1pjAnV:RIat2d_e9BxsYs8LJP3lqAxbcq4PENFkZWr5oA7oKHk", "expire_date": "2023-04-17T03:23:57.518Z"}}, {"model": "Home.djangosession", "pk": "l7vbablzapk95a3ghkmyoyuxpd6rjkk5", "fields": {"session_data": ".eJyrVspLzE1VslLyTEksSS0uSS1S0lGKL04tLs7Mz4tPrSjILKpUsjI2AAIdpbTMouISDPW1ACJFF10:1piAEj:akms7j51xvCDYVVhs-mBoF3wKnLMcUZA3xhwgiVW7NA", "expire_date": "2023-03-31T16:55:53.018Z"}}, {"model": "Home.djangosession", "pk": "l80f8bek71gkvge3tc0caf5cwrqbizsc", "fields": {"session_data": ".eJyrVspLzE1VslLyTEksSS0uSS1S0lGKL04tLs7Mz4tPrSjILKpUsjI2AAIdpbTMouISDPW1ACJFF10:1pcOpM:tBqRC3zGPgndHWon8W-3aiICIJ29rOeP1C2cw85jD-g", "expire_date": "2023-03-16T02:17:52.787+07:00"}}, {"model": "Home.djangosession", "pk": "lxhycecvipt114h2mz8n0eiyg0xuxm55", "fields": {"session_data": ".eJyrVspLzE1VslLyTEksSS0uSS1S0lGKL04tLs7Mz4tPrSjILKpUsjI2AAIdpbTMouISDPW1ACJFF10:1rBWOj:XoHtLfKM-NWqkMT3dKcYo75GHJubAgZ8u3l2pOyAoPs", "expire_date": "2023-12-08T16:59:49.121Z"}}, {"model": "Home.djangosession", "pk": "lyu0nifqyh4v8wr0jeumo475r4qvn6em", "fields": {"session_data": "eyJmaXJzdG5hbWUiOiJ1c2VyaGVybyIsIm5hbWUiOiJwcmVwYXJlciJ9:1ozU9u:jDl2gBRHadKzKzuWTo3vHtKeKktX-8eLnomZ7UuVInw", "expire_date": "2022-12-12T09:46:14.895+07:00"}}, {"model": "Home.djangosession", "pk": "m6eju9ke2elpzdrhus8nd0g0icqt4mag", "fields": {"session_data": ".eJyrVspLzE1VslLyTEksSS0uSS1S0lGKL04tLs7Mz4tPrSjILKpUsjI2AAIdpbTMouISDPW1ACJFF10:1pcLG2:8Q4IpAgXjN0zxuWuoiWWTdwFJbkaVxq1EtOpbv9UJek", "expire_date": "2023-03-15T22:29:10.270+07:00"}}, {"model": "Home.djangosession", "pk": "mit4qcw3b2qanlphv0pzg17est4lmobh", "fields": {"session_data": ".eJyrVspLzE1VslLyTEksSS0uSS1S0lGKL04tLs7Mz4tPrSjILKpUsjI2AAIdpbTMouISDPW1ACJFF10:1pWTLk:izG7qqMaPKt-x0mwnzhgXVFq5GUCTjty01Nbkkyeqrs", "expire_date": "2023-02-27T17:54:48.150+07:00"}}, {"model": "Home.djangosession", "pk": "nljhm2upx911i4hkc6n5xozi6zsr04sc", "fields": {"session_data": "eyJfc2Vzc2lvbl9leHBpcnkiOjMwMDAwLCJmaXJzdG5hbWUiOiJJZGF0ZXN0ZXIifQ:1pcJ0u:M1wow8eaiuWE95366z7ym8X-d2u9g9FhaxvY5zHJ00Q", "expire_date": "2023-03-15T20:05:24.777+07:00"}}, {"model": "Home.djangosession", "pk": "nxpfhpw0okdxmljsff9ut9bltns111ed", "fields": {"session_data": ".eJxljcsKwjAURP8l61JucxNLunTnwm8oedzY-EgkSUER_90WulCc5czhzIuNeq7TOBfKY3BsYB1rvjuj7YXiOrizjqfU2hRrDqZdkXZbS3tMjq77jf0RTLpMq9YQeAfKGiF97y1I3iOBEKIHVGonEIXh4NG4DrT3ErUBLywaySVXuEijvtFiOjhdqVTK60-hUkKKIz3uIT_ZgLCkYT7kUv_49wdA7E3m:1paXxR:5UCaImVL-lpL_r3TGxC4hlh8TG_JGkwOgqEqJAHg5zQ", "expire_date": "2023-03-10T23:38:33.135+07:00"}}, {"model": "Home.djangosession", "pk": "o0rkn16ec5w53n2eiqd9zuje4jg1cgrb", "fields": {"session_data": "eyJmaXJzdG5hbWUiOiJ1c2VyaGVybyIsIm5hbWUiOiJwcmVwYXJlciJ9:1oy65l:SlAWZzSgWZvCOjBmsX4drgBMlD1pKTTKj-PmTFP1Ius", "expire_date": "2022-12-08T13:52:13.715+07:00"}}, {"model": "Home.djangosession", "pk": "p3rla74unt09fiuhwurvy85x0xq3bt3t", "fields": {"session_data": ".eJyrVkrLLCouyUvMTVWyUiotTi1S0lFC4mWkFuUDReKLU4uLM_Pz4lMrCjKLKpWsjA2AoBYAqRYVPw:1pVV3s:QE49nzyiR3hRE3cgF6C5vuIUO54_FOY7m7eoK1QV8Ws", "expire_date": "2023-02-25T01:32:20.199+07:00"}}, {"model": "Home.djangosession", "pk": "qbqmbyasp1ie2my7g82nds6uq591b04g", "fields": {"session_data": ".eJyrVoovTi0uzszPi0-tKMgsqlSyMjYAAh2ltMyi4pK8xNxUJSslz5TEktTiktQiJR0lDKFaAC9ZF10:1pcOdJ:68XY6HtMmSshh02mfHWMsukdGi1Cu3yzj8neTjd4yFM", "expire_date": "2023-03-16T02:05:25.284+07:00"}}, {"model": "Home.djangosession", "pk": "qge8445xiyl2f2ka2qvrj0yrsyg18gd4", "fields": {"session_data": ".eJyrVspLzE1VslLyTEksSS0uSS1S0lGKL04tLs7Mz4tPrSjILKpUsjI2AAIdpbTMouISDPW1ACJFF10:1pcI6x:qnV2nRGmf9UPB7C5lZTHk29mYZn8vCs_FM2QKLfiL1o", "expire_date": "2023-03-15T19:07:35.671+07:00"}}, {"model": "Home.djangosession", "pk": "qiwwgutz4npj3dl10jdmyxi0b62yujjw", "fields": {"session_data": ".eJyrVoovTi0uzszPi0-tKMgsqlSyMjYAAh2ltMyi4pK8xNxUJSslz5TEktTiktQiJR0lDKFaAC9ZF10:1rC40U:iw7ZRpAhelYPPo1AUXJ0XbVb9WskRVlYZkfgY5tWahA", "expire_date": "2023-12-10T04:53:02.203Z"}}, {"model": "Home.djangosession", "pk": "rkunvko5c6p1tmd9dbxi85hgvhb4xr5i", "fields": {"session_data": "eyJmaXJzdG5hbWUiOiJ1c2VyaGVybyIsIm5hbWUiOiJwcmVwYXJlciJ9:1ose3B:jQMRinKC4g5w0TqFnPYB7hIE0cyh_Jxu0DotLObk9hs", "expire_date": "2022-11-23T12:55:01.550+07:00"}}, {"model": "Home.djangosession", "pk": "rw8r07cmsm8qa11pppzaktn4vsredvhr", "fields": {"session_data": "eyJmaXJzdG5hbWUiOiJ1c2VyaGVybyJ9:1obbgB:Ucu9QAjXDKxuo6JdC0W0nsti_MCAQiCrz4EfC9IH8fs", "expire_date": "2022-10-07T12:56:51.809+07:00"}}, {"model": "Home.djangosession", "pk": "s8hpxicipuzts9amdzar2otndzqa08hs", "fields": {"session_data": "eyJfc2Vzc2lvbl9leHBpcnkiOjMwMDAwLCJmaXJzdG5hbWUiOiJJZGF0ZXN0ZXIifQ:1pcMHB:3_Eb0tpY8ui3oY5l6p-VcdSThqnjt5VBFaNZ3rZBcqY", "expire_date": "2023-03-15T23:34:25.619+07:00"}}, {"model": "Home.djangosession", "pk": "sdh5tfe6a4rmpp06b9cb9w3g9j8nqq72", "fields": {"session_data": "eyJmaXJzdG5hbWUiOiJ1c2VyIiwibmFtZSI6InVzZXJoZXJvIn0:1pVQYe:UMkveb2mK55BdWdyf3elgY-RyQCtwNY5T19Q6VUtwy8", "expire_date": "2023-03-10T12:23:48.160+07:00"}}, {"model": "Home.djangosession", "pk": "silqi15mfaxp78zkhoojz994dhj8g0zr", "fields": {"session_data": "eyJfc2Vzc2lvbl9leHBpcnkiOjMwMDAwLCJmaXJzdG5hbWUiOiJJZGF0ZXN0ZXIifQ:1qBqvd:zemh-LIgRRTpwZHrmOZfaslG6zyCjpLsUX7nggZkRsg", "expire_date": "2023-06-21T14:22:53.029Z"}}, {"model": "Home.djangosession", "pk": "sivumplpg0p9949bzkddkq6rcejlcm6q", "fields": {"session_data": ".eJxljcsKwjAURP8l61JucxNLunTnwm8oedzY-EgkSUER_90WulCc5czhzIuNeq7TOBfKY3BsYB1rvjuj7YXiOrizjqfU2hRrDqZdkXZbS3tMjq77jf0RTLpMq9YQeAfKGiF97y1I3iOBEKIHVGonEIXh4NG4DrT3ErUBLywaySVXuEijvtFiOjhdqVTK60-hUkKKIz3uIT_ZgLCkYT7kUv_49wdA7E3m:1pbzqq:RpekuFzvsY_c8EMHmJ1P0UaVT5bl-uceOIooatXXj9Y", "expire_date": "2023-03-14T23:37:44.597+07:00"}}, {"model": "Home.djangosession", "pk": "sltzcxzdflt41l7ya0zpe0p0yio7m9mu", "fields": {"session_data": ".eJyrVspLzE1VslLyTEksSS0uSS1S0lGKL04tLs7Mz4tPrSjILKpUsjI2AAIdpbTMouISDPW1ACJFF10:1pcOp8:7MSk9GuABaf1AgkN0TC3GdvmAcVBCEzCjRhJzGzAalc", "expire_date": "2023-03-16T02:17:38.119+07:00"}}, {"model": "Home.djangosession", "pk": "srqn9m2tnf8zdg97yuqhp8y4dt46dong", "fields": {"session_data": "eyJmaXJzdG5hbWUiOiJ1c2VyaGVybyIsIm5hbWUiOiJwcmVwYXJlciJ9:1osd2T:o-qcLNCEqM36FTgUjZO_7QCy0z_D556vbgDcEv-Vs1w", "expire_date": "2022-11-23T11:50:13.786+07:00"}}, {"model": "Home.djangosession", "pk": "stya6itxktaufchhrotu0cou22hq7f6w", "fields": {"session_data": "eyJmaXJzdG5hbWUiOiJ1c2VyaGVybyIsIm5hbWUiOiJwcmVwYXJlciJ9:1otJss:onUEc6_KTcYUo0KF8zBK14chnQrOvebWRGeXaluxsZ0", "expire_date": "2022-11-25T09:35:10.891+07:00"}}, {"model": "Home.djangosession", "pk": "tcuzrj2e6a9gf6nvnzqwb2q64i9ij3hl", "fields": {"session_data": "eyJmaXJzdG5hbWUiOiJ1c2VyaGVybyIsIm5hbWUiOiJwcmVwYXJlciJ9:1ofHH6:bKebXUNod5kmFDcQV-n5Qw0L3pF2iyhvGMgDW8u9mPs", "expire_date": "2022-10-17T15:58:08.088+07:00"}}, {"model": "Home.djangosession", "pk": "ukps4zjx08w732fafcb7oahail83c1j1", "fields": {"session_data": ".eJyrVspLzE1VslLyTEksSS0uSS1S0lGKL04tLs7Mz4tPrSjILKpUsjI2AAIdpbTMouISDPW1ACJFF10:1piCyl:NVqKWYdFLSfCkB-kIAMBkZxrU4DduR9r4AS-rBewIUM", "expire_date": "2023-03-31T19:51:35.927Z"}}, {"model": "Home.djangosession", "pk": "uqpngbyunedui67r0i9fkmk4plvmbgq5", "fields": {"session_data": ".eJyrVspLzE1VslLyTEksSS0uSS1S0lGKL04tLs7Mz4tPrSjILKpUsjI2AAIdpbTMouISDPW1ACJFF10:1pcLhs:AwVVKMIiAJBhQ9w_wA6704SzWmlCDwMUfEX1xY0lnHM", "expire_date": "2023-03-15T22:57:56.229+07:00"}}, {"model": "Home.djangosession", "pk": "vm4edncnv8uqchkh087xzt3nhejbgmu2", "fields": {"session_data": ".eJyrVspLzE1VslLyTEksSS0uSS1S0lGKL04tLs7Mz4tPrSjILKpUsjI2AAIdpbTMouISDPW1ACJFF10:1pWXJi:Bcxbyta4_mWZ9IJO9ITqSAhgswQar1Qb_hfYn8toY8k", "expire_date": "2023-02-27T22:08:58.712+07:00"}}, {"model": "Home.djangosession", "pk": "vxvp35ns6ae3hp2b4w3ts7bgh242gczi", "fields": {"session_data": ".eJxljcsKwjAURP8l61JucxNLunTnwm8oedzY-EgkSUER_90WulCc5czhzIuNeq7TOBfKY3BsYB1rvjuj7YXiOrizjqfU2hRrDqZdkXZbS3tMjq77jf0RTLpMq9YQeAfKGiF97y1I3iOBEKIHVGonEIXh4NG4DrT3ErUBLywaySVXuEijvtFiOjhdqVTK60-hUkKKIz3uIT_ZgLCkYT7kUv_49wdA7E3m:1pWaUF:h6z0ajZtSzSLGfTeWw9pmyo_USdUz5ycWPJjpIK9mpE", "expire_date": "2023-02-28T01:32:03.684+07:00"}}, {"model": "Home.djangosession", "pk": "w34lwujb8axf0o7i67v6a1xunxjlfbtm", "fields": {"session_data": ".eJyrVspLzE1VslLyTEksSS0uSS1S0lGKL04tLs7Mz4tPrSjILKpUsjI2AAIdpbTMouISDPW1ACJFF10:1pm5YW:dvj2aHmiUQNStXqWuoApBcXMmQVhSZLVDpgoWwDF97s", "expire_date": "2023-04-11T12:44:32.178Z"}}, {"model": "Home.djangosession", "pk": "x1ph9hxaa27oqk928lqnj5bnurat5tcf", "fields": {"session_data": ".eJyrVspLzE1VslLyTEksSS0uSS1S0lGKL04tLs7Mz4tPrSjILKpUsjI2AAIdpbTMouISDPW1ACJFF10:1pVVo9:XPeKRcLcoPkK7wPB2ehcD2mK3RqM0TY597eRozf4Oos", "expire_date": "2023-02-25T02:20:09.132+07:00"}}, {"model": "Home.djangosession", "pk": "xedsbghcq6jaqpt1jiz2a67luw3aif4s", "fields": {"session_data": ".eJyrVspLzE1VslLyTEksSS0uSS1S0lGKL04tLs7Mz4tPrSjILKpUsjI2AAIdpbTMouISDPW1ACJFF10:1pm7Jg:jJSQdQYBGQ0EjVl3Y-Finl-bs4juLdskTkfUCPcIVc4", "expire_date": "2023-04-11T14:37:20.554Z"}}, {"model": "Home.djangosession", "pk": "xkpcsbqu5vqldj72ah7oq38cj1vx3pgv", "fields": {"session_data": "eyJfc2Vzc2lvbl9leHBpcnkiOjMwMDAwLCJmaXJzdG5hbWUiOiJJZGF0ZXN0ZXIifQ:1rB8E2:DLTIrOIrMG7-4xlkv0IXziU1mzbTk-aOfHS3xitK73c", "expire_date": "2023-12-07T15:11:10.732Z"}}, {"model": "Home.djangosession", "pk": "xsuel9ib9udrhzjbjzinjyae4douwlq5", "fields": {"session_data": "eyJfc2Vzc2lvbl9leHBpcnkiOjMwMDAwLCJmaXJzdG5hbWUiOiJJZGF0ZXN0ZXIifQ:1pc16f:fHko1o3VTgW-QZrEr5Px35E1Akeu8-8QDPKlwApmIe0", "expire_date": "2023-03-15T00:58:09.652+07:00"}}, {"model": "Home.djangosession", "pk": "y348wxze3h53stj35hpc5o5ho2wonmz2", "fields": {"session_data": ".eJyrVoovTi0uzszPi0-tKMgsqlSyMjYAAh2ltMyi4pK8xNxUJSslz5TEktTiktQiJR0lDKFaAC9ZF10:1pcIrz:i0jUpxVErrbJPDxJ9MLa8U4gQzPYr_fqfeToHA_sD68", "expire_date": "2023-03-15T19:56:11.795+07:00"}}, {"model": "Home.djangosession", "pk": "y5qb27se0klpmcnateyni1zj4wis0aih", "fields": {"session_data": "eyJfc2Vzc2lvbl9leHBpcnkiOjMwMDAwLCJmaXJzdG5hbWUiOiJJZGF0ZXN0ZXIifQ:1r8cvC:DbTF91hwR6LuLzRVwxGPi7Xz7mizPqmacHQFMeT-FII", "expire_date": "2023-11-30T17:21:22.039Z"}}, {"model": "Home.djangosession", "pk": "yi5pcamu7hyo5rcznvmosdwkghz1bq5e", "fields": {"session_data": "eyJfc2Vzc2lvbl9leHBpcnkiOjMwMDAwLCJmaXJzdG5hbWUiOiJJZGF0ZXN0ZXIifQ:1pcJ9Y:-O3CUnEJ3v_7lgKf3wZekuRxaun0jnngbRNMzQJ5Iuc", "expire_date": "2023-03-15T20:14:20.646+07:00"}}, {"model": "Home.djangosession", "pk": "z76ig257ubkqqhmw7672u6tlebpw9eyh", "fields": {"session_data": "eyJmaXJzdG5hbWUiOiJ1c2VyaGVybyIsIm5hbWUiOiJwcmVwYXJlciJ9:1ol6FW:wgKS8jkLtbCiY8Pc4sKyETeRJA7jSYGkYmSxlJlzWDI", "expire_date": "2022-11-02T17:24:34.979+07:00"}}, {"model": "Home.djangosession", "pk": "zgmnirpday3f0hse4yf01bwfjg4k6yvr", "fields": {"session_data": ".eJyrVspLzE1VslLyTEksSS0uSS1S0lGKL04tLs7Mz4tPrSjILKpUsjI2AAIdpbTMouISDPW1ACJFF10:1pbzsg:JH4Z-cW2bJwmOJVal7x6FY82Du6yjcwmMBB_19f6NVM", "expire_date": "2023-03-14T23:39:38.968+07:00"}}, {"model": "Home.djangosession", "pk": "zgynbau5lnajfd9373x0hgpbkm1f0p0z", "fields": {"session_data": "eyJmaXJzdG5hbWUiOiJ1c2VyIiwibmFtZSI6InVzZXJoZXJvIn0:1pV7S4:UQr3mzdaZ9VWGMN2rfYFFDpcmnk6gRB6nOzK6Gn4fls", "expire_date": "2023-03-09T15:59:44.277+07:00"}}, {"model": "Home.djangosession", "pk": "zttuazllajfuh8scwrn9fxoqwage7hxv", "fields": {"session_data": "eyJfc2Vzc2lvbl9leHBpcnkiOjMwMDAwLCJmaXJzdG5hbWUiOiJJZGF0ZXN0ZXIifQ:1pcJ61:UOVJFcOejpoZvI2bSG_TlIhAfkR_btsHGvoUj3LY2dE", "expire_date": "2023-03-15T20:10:41.108+07:00"}}, {"model": "Explore.chatlist", "pk": 1, "fields": {"chatlistcode": "1", "description": "Hello, welcome to <b> Machine Learning Engine</b>. What would you like to do today?", "isquestion": 1, "parentchatcode": "0", "status": 1, "order": 1, "isreset": 0, "isupload": 0, "mltype": null, "issample": 0}}, {"model": "Explore.chatlist", "pk": 2, "fields": {"chatlistcode": "1_1", "description": "Predict something with my existing data", "isquestion": 0, "parentchatcode": "0", "status": 1, "order": 2, "isreset": 0, "isupload": 0, "mltype": null, "issample": 0}}, {"model": "Explore.chatlist", "pk": 3, "fields": {"chatlistcode": "1_2", "description": "See trend/cluster from my data", "isquestion": 0, "parentchatcode": "0", "status": 1, "order": 3, "isreset": 0, "isupload": 0, "mltype": null, "issample": 0}}, {"model": "Explore.chatlist", "pk": 4, "fields": {"chatlistcode": "2_1", "description": "Would you like to know more of the concept on prediction?", "isquestion": 1, "parentchatcode": "1_1", "status": 1, "order": 1, "isreset": 0, "isupload": 0, "mltype": null, "issample": 0}}, {"model": "Explore.chatlist", "pk": 5, "fields": {"chatlistcode": "2_2", "description": "Yes, please!", "isquestion": 0, "parentchatcode": "1_1", "status": 1, "order": 2, "isreset": 0, "isupload": 0, "mltype": null, "issample": 0}}, {"model": "Explore.chatlist", "pk": 6, "fields": {"chatlistcode": "2_3", "description": "No, I'm cool with the concept!", "isquestion": 0, "parentchatcode": "1_1", "status": 1, "order": 3, "isreset": 0, "isupload": 0, "mltype": null, "issample": 0}}, {"model": "Explore.chatlist", "pk": 7, "fields": {"chatlistcode": "3_1", "description": "Prediction or forecasting in the field of data science is often referred as <b>supervised machine learning</b>.</br></br>Supervised machine learning models are trained with labeled data sets, which allow the models to learn and grow more accurate over time. For example, an algorithm would be trained with pictures of dogs and other things, all labeled by humans, and the machine would learn ways to identify pictures of dogs on its own.</br></br>Supervised model typically can be further categorised into:</br>1. Regression/forecasting, predict a continuous outcome (y) based on the value of one or more predictor variables (x).</br>Example use cases of regression/forecasting include:</br>price prediction, GDP prediction, price elasticity, demand forecast</br></br>2. Classification, a predictive modeling problem where a class label is predicted for a given example of input data. </br>Example use cases of classification include:</br>Given certain transaction, classify if it is fraud/non-fraud, identify anomaly transaction, predict customer churn, staff retention, predict credit rating/worthiness", "isquestion": 1, "parentchatcode": "2_2", "status": 1, "order": 1, "isreset": 0, "isupload": 0, "mltype": null, "issample": 0}}, {"model": "Explore.chatlist", "pk": 8, "fields": {"chatlistcode": "3_2", "description": "This is exactly what I need, let's go!", "isquestion": 0, "parentchatcode": "2_2", "status": 1, "order": 2, "isreset": 0, "isupload": 0, "mltype": null, "issample": 0}}, {"model": "Explore.chatlist", "pk": 9, "fields": {"chatlistcode": "3_3", "description": "I changed my mind, go back to previous.", "isquestion": 0, "parentchatcode": "2_2", "status": 1, "order": 3, "isreset": 1, "isupload": 0, "mltype": null, "issample": 0}}, {"model": "Explore.chatlist", "pk": 10, "fields": {"chatlistcode": "4_1", "description": "Okay, tell me more on your project.", "isquestion": 1, "parentchatcode": "2_3", "status": 1, "order": 1, "isreset": 0, "isupload": 0, "mltype": null, "issample": 0}}, {"model": "Explore.chatlist", "pk": 11, "fields": {"chatlistcode": "4_2", "description": "I would like to predict the value for a number of period/data points", "isquestion": 0, "parentchatcode": "2_3", "status": 1, "order": 2, "isreset": 0, "isupload": 0, "mltype": null, "issample": 0}}, {"model": "Explore.chatlist", "pk": 12, "fields": {"chatlistcode": "4_3", "description": "I would like to predict the probability of the next value as the expected value", "isquestion": 0, "parentchatcode": "2_3", "status": 1, "order": 3, "isreset": 0, "isupload": 0, "mltype": null, "issample": 0}}, {"model": "Explore.chatlist", "pk": 13, "fields": {"chatlistcode": "4_4", "description": "Go back to previous", "isquestion": 0, "parentchatcode": "2_3", "status": 1, "order": 4, "isreset": 1, "isupload": 0, "mltype": null, "issample": 0}}, {"model": "Explore.chatlist", "pk": 14, "fields": {"chatlistcode": "4_5", "description": "Okay, tell me more on your project.", "isquestion": 1, "parentchatcode": "3_2", "status": 1, "order": 1, "isreset": 0, "isupload": 0, "mltype": null, "issample": 0}}, {"model": "Explore.chatlist", "pk": 15, "fields": {"chatlistcode": "4_6", "description": "I would like to predict the value for a number of period/data points", "isquestion": 0, "parentchatcode": "3_2", "status": 1, "order": 2, "isreset": 0, "isupload": 0, "mltype": null, "issample": 0}}, {"model": "Explore.chatlist", "pk": 16, "fields": {"chatlistcode": "4_7", "description": "I would like to predict the probability of the next value as the expected value", "isquestion": 0, "parentchatcode": "3_2", "status": 1, "order": 3, "isreset": 0, "isupload": 0, "mltype": null, "issample": 0}}, {"model": "Explore.chatlist", "pk": 17, "fields": {"chatlistcode": "4_8", "description": "Go back to previous", "isquestion": 0, "parentchatcode": "3_2", "status": 1, "order": 4, "isreset": 1, "isupload": 0, "mltype": null, "issample": 0}}, {"model": "Explore.chatlist", "pk": 18, "fields": {"chatlistcode": "2_4", "description": "Would you like to know more of the concept on clustering?", "isquestion": 1, "parentchatcode": "1_2", "status": 1, "order": 1, "isreset": 0, "isupload": 0, "mltype": null, "issample": 0}}, {"model": "Explore.chatlist", "pk": 19, "fields": {"chatlistcode": "2_5", "description": "Yes, please!", "isquestion": 0, "parentchatcode": "1_2", "status": 1, "order": 2, "isreset": 0, "isupload": 0, "mltype": null, "issample": 0}}, {"model": "Explore.chatlist", "pk": 20, "fields": {"chatlistcode": "2_6", "description": "No, I'm cool with the concept!", "isquestion": 0, "parentchatcode": "1_2", "status": 1, "order": 3, "isreset": 0, "isupload": 0, "mltype": null, "issample": 0}}, {"model": "Explore.chatlist", "pk": 21, "fields": {"chatlistcode": "3_4", "description": "Clustering in the field of data science is often referred as <b>unsupervised machine learning</b>.</br></br>In unsupervised machine learning, a program looks for patterns in unlabeled data. Unsupervised machine learning can find patterns or trends that people arent explicitly looking for. For example, an unsupervised machine learning program could look through online sales data and identify different types of clients making purchases.</br></br>Example use cases include:</br>Customer segmentation, product mix/cluster, anomaly detection", "isquestion": 1, "parentchatcode": "2_5", "status": 1, "order": 1, "isreset": 0, "isupload": 0, "mltype": null, "issample": 0}}, {"model": "Explore.chatlist", "pk": 22, "fields": {"chatlistcode": "3_5", "description": "This is exactly what I need, let's go!", "isquestion": 0, "parentchatcode": "2_5", "status": 1, "order": 2, "isreset": 0, "isupload": 0, "mltype": null, "issample": 0}}, {"model": "Explore.chatlist", "pk": 23, "fields": {"chatlistcode": "3_6", "description": "I changed my mind, go back to previous.", "isquestion": 0, "parentchatcode": "2_5", "status": 1, "order": 3, "isreset": 1, "isupload": 0, "mltype": null, "issample": 0}}, {"model": "Explore.chatlist", "pk": 24, "fields": {"chatlistcode": "4_9", "description": "Okay, tell me more on your project.", "isquestion": 1, "parentchatcode": "2_6", "status": 1, "order": 1, "isreset": 0, "isupload": 0, "mltype": null, "issample": 0}}, {"model": "Explore.chatlist", "pk": 25, "fields": {"chatlistcode": "4_10", "description": "I'm interested to see clusters/groups in my data", "isquestion": 0, "parentchatcode": "2_6", "status": 1, "order": 2, "isreset": 0, "isupload": 0, "mltype": null, "issample": 0}}, {"model": "Explore.chatlist", "pk": 26, "fields": {"chatlistcode": "4_11", "description": "I'm interested to see trends in my data", "isquestion": 0, "parentchatcode": "2_6", "status": 1, "order": 3, "isreset": 0, "isupload": 0, "mltype": null, "issample": 0}}, {"model": "Explore.chatlist", "pk": 27, "fields": {"chatlistcode": "4_12", "description": "Go back to previous", "isquestion": 0, "parentchatcode": "2_6", "status": 1, "order": 4, "isreset": 1, "isupload": 0, "mltype": null, "issample": 0}}, {"model": "Explore.chatlist", "pk": 28, "fields": {"chatlistcode": "4_13", "description": "Okay, tell me more on your project.", "isquestion": 1, "parentchatcode": "3_5", "status": 1, "order": 1, "isreset": 0, "isupload": 0, "mltype": null, "issample": 0}}, {"model": "Explore.chatlist", "pk": 29, "fields": {"chatlistcode": "4_14", "description": "I'm interested to see clusters/groups in my data", "isquestion": 0, "parentchatcode": "3_5", "status": 1, "order": 2, "isreset": 0, "isupload": 0, "mltype": null, "issample": 0}}, {"model": "Explore.chatlist", "pk": 30, "fields": {"chatlistcode": "4_15", "description": "I'm interested to see trends in my data", "isquestion": 0, "parentchatcode": "3_5", "status": 1, "order": 3, "isreset": 0, "isupload": 0, "mltype": null, "issample": 0}}, {"model": "Explore.chatlist", "pk": 31, "fields": {"chatlistcode": "4_16", "description": "Go back to previous", "isquestion": 0, "parentchatcode": "3_5", "status": 1, "order": 4, "isreset": 1, "isupload": 0, "mltype": null, "issample": 0}}, {"model": "Explore.chatlist", "pk": 32, "fields": {"chatlistcode": "5_1", "description": "Please upload your data according to the following format (.xlsx or .csv)", "isquestion": 1, "parentchatcode": "4_2", "status": 1, "order": 1, "isreset": 0, "isupload": 1, "mltype": "Regression", "issample": 0}}, {"model": "Explore.chatlist", "pk": 33, "fields": {"chatlistcode": "5_2", "description": "Please upload your data according to the following format (.xlsx or .csv)", "isquestion": 1, "parentchatcode": "4_3", "status": 1, "order": 1, "isreset": 0, "isupload": 1, "mltype": "Probability", "issample": 0}}, {"model": "Explore.chatlist", "pk": 34, "fields": {"chatlistcode": "5_3", "description": "Please upload your data according to the following format (.xlsx or .csv)", "isquestion": 1, "parentchatcode": "4_6", "status": 1, "order": 1, "isreset": 0, "isupload": 1, "mltype": "Regression", "issample": 0}}, {"model": "Explore.chatlist", "pk": 35, "fields": {"chatlistcode": "5_4", "description": "Please upload your data according to the following format (.xlsx or .csv)", "isquestion": 1, "parentchatcode": "4_7", "status": 1, "order": 1, "isreset": 0, "isupload": 1, "mltype": "Probability", "issample": 0}}, {"model": "Explore.chatlist", "pk": 36, "fields": {"chatlistcode": "5_5", "description": "Please upload your data according to the following format (.xlsx or .csv)", "isquestion": 1, "parentchatcode": "4_10", "status": 1, "order": 1, "isreset": 0, "isupload": 1, "mltype": "Cluster", "issample": 0}}, {"model": "Explore.chatlist", "pk": 37, "fields": {"chatlistcode": "5_6", "description": "Please upload your data according to the following format (.xlsx or .csv)", "isquestion": 1, "parentchatcode": "4_11", "status": 1, "order": 1, "isreset": 0, "isupload": 1, "mltype": "Trend", "issample": 0}}, {"model": "Explore.chatlist", "pk": 38, "fields": {"chatlistcode": "5_7", "description": "Please upload your data according to the following format (.xlsx or .csv)", "isquestion": 1, "parentchatcode": "4_14", "status": 1, "order": 1, "isreset": 0, "isupload": 1, "mltype": "Cluster", "issample": 0}}, {"model": "Explore.chatlist", "pk": 39, "fields": {"chatlistcode": "5_8", "description": "Please upload your data according to the following format (.xlsx or .csv)", "isquestion": 1, "parentchatcode": "4_15", "status": 1, "order": 1, "isreset": 0, "isupload": 1, "mltype": "Trend", "issample": 0}}, {"model": "Explore.chatlist", "pk": 40, "fields": {"chatlistcode": "6_1", "description": "Analysing your data with our cool built-in machine learning algorithms, please wait...", "isquestion": 1, "parentchatcode": "5_1", "status": 1, "order": 1, "isreset": 0, "isupload": 0, "mltype": null, "issample": 0}}, {"model": "Explore.chatlist", "pk": 41, "fields": {"chatlistcode": "6_2", "description": "Analysing your data with our cool built-in machine learning algorithms, please wait...", "isquestion": 1, "parentchatcode": "5_2", "status": 1, "order": 1, "isreset": 0, "isupload": 0, "mltype": null, "issample": 0}}, {"model": "Explore.chatlist", "pk": 42, "fields": {"chatlistcode": "6_3", "description": "Analysing your data with our cool built-in machine learning algorithms, please wait...", "isquestion": 1, "parentchatcode": "5_3", "status": 1, "order": 1, "isreset": 0, "isupload": 0, "mltype": null, "issample": 0}}, {"model": "Explore.chatlist", "pk": 43, "fields": {"chatlistcode": "6_4", "description": "Analysing your data with our cool built-in machine learning algorithms, please wait...", "isquestion": 1, "parentchatcode": "5_4", "status": 1, "order": 1, "isreset": 0, "isupload": 0, "mltype": null, "issample": 0}}, {"model": "Explore.chatlist", "pk": 44, "fields": {"chatlistcode": "6_5", "description": "Analysing your data with our cool built-in machine learning algorithms, please wait...", "isquestion": 1, "parentchatcode": "5_5", "status": 1, "order": 1, "isreset": 0, "isupload": 0, "mltype": null, "issample": 0}}, {"model": "Explore.chatlist", "pk": 45, "fields": {"chatlistcode": "6_6", "description": "Analysing your data with our cool built-in machine learning algorithms, please wait...", "isquestion": 1, "parentchatcode": "5_6", "status": 1, "order": 1, "isreset": 0, "isupload": 0, "mltype": null, "issample": 0}}, {"model": "Explore.chatlist", "pk": 46, "fields": {"chatlistcode": "6_7", "description": "Analysing your data with our cool built-in machine learning algorithms, please wait...", "isquestion": 1, "parentchatcode": "5_7", "status": 1, "order": 1, "isreset": 0, "isupload": 0, "mltype": null, "issample": 0}}, {"model": "Explore.chatlist", "pk": 47, "fields": {"chatlistcode": "6_8", "description": "Analysing your data with our cool built-in machine learning algorithms, please wait...", "isquestion": 1, "parentchatcode": "5_8", "status": 1, "order": 1, "isreset": 0, "isupload": 0, "mltype": null, "issample": 0}}, {"model": "Explore.chatlist", "pk": 48, "fields": {"chatlistcode": "7_1", "description": "Here's the result of your project", "isquestion": 1, "parentchatcode": "6_1", "status": 1, "order": 1, "isreset": 0, "isupload": 0, "mltype": null, "issample": 0}}, {"model": "Explore.chatlist", "pk": 49, "fields": {"chatlistcode": "7_2", "description": "Would you like to restart another project?", "isquestion": 1, "parentchatcode": "6_1", "status": 1, "order": 2, "isreset": 0, "isupload": 0, "mltype": null, "issample": 0}}, {"model": "Explore.chatlist", "pk": 50, "fields": {"chatlistcode": "7_3", "description": "Yes", "isquestion": 0, "parentchatcode": "6_1", "status": 1, "order": 3, "isreset": 1, "isupload": 0, "mltype": null, "issample": 0}}, {"model": "Explore.chatlist", "pk": 51, "fields": {"chatlistcode": "7_4", "description": "No", "isquestion": 0, "parentchatcode": "6_1", "status": 1, "order": 4, "isreset": 0, "isupload": 0, "mltype": null, "issample": 0}}, {"model": "Explore.chatlist", "pk": 52, "fields": {"chatlistcode": "7_5", "description": "Here's the result of your project", "isquestion": 1, "parentchatcode": "6_2", "status": 1, "order": 1, "isreset": 0, "isupload": 0, "mltype": null, "issample": 0}}, {"model": "Explore.chatlist", "pk": 53, "fields": {"chatlistcode": "7_6", "description": "Would you like to restart another project?", "isquestion": 1, "parentchatcode": "6_2", "status": 1, "order": 2, "isreset": 0, "isupload": 0, "mltype": null, "issample": 0}}, {"model": "Explore.chatlist", "pk": 54, "fields": {"chatlistcode": "7_7", "description": "Yes", "isquestion": 0, "parentchatcode": "6_2", "status": 1, "order": 3, "isreset": 1, "isupload": 0, "mltype": null, "issample": 0}}, {"model": "Explore.chatlist", "pk": 55, "fields": {"chatlistcode": "7_8", "description": "No", "isquestion": 0, "parentchatcode": "6_2", "status": 1, "order": 4, "isreset": 0, "isupload": 0, "mltype": null, "issample": 0}}, {"model": "Explore.chatlist", "pk": 56, "fields": {"chatlistcode": "7_9", "description": "Here's the result of your project", "isquestion": 1, "parentchatcode": "6_3", "status": 1, "order": 1, "isreset": 0, "isupload": 0, "mltype": null, "issample": 0}}, {"model": "Explore.chatlist", "pk": 57, "fields": {"chatlistcode": "7_10", "description": "Would you like to restart another project?", "isquestion": 1, "parentchatcode": "6_3", "status": 1, "order": 2, "isreset": 0, "isupload": 0, "mltype": null, "issample": 0}}, {"model": "Explore.chatlist", "pk": 58, "fields": {"chatlistcode": "7_11", "description": "Yes", "isquestion": 0, "parentchatcode": "6_3", "status": 1, "order": 3, "isreset": 1, "isupload": 0, "mltype": null, "issample": 0}}, {"model": "Explore.chatlist", "pk": 59, "fields": {"chatlistcode": "7_12", "description": "No", "isquestion": 0, "parentchatcode": "6_3", "status": 1, "order": 4, "isreset": 0, "isupload": 0, "mltype": null, "issample": 0}}, {"model": "Explore.chatlist", "pk": 60, "fields": {"chatlistcode": "7_13", "description": "Here's the result of your project", "isquestion": 1, "parentchatcode": "6_4", "status": 1, "order": 1, "isreset": 0, "isupload": 0, "mltype": null, "issample": 0}}, {"model": "Explore.chatlist", "pk": 61, "fields": {"chatlistcode": "7_14", "description": "Would you like to restart another project?", "isquestion": 1, "parentchatcode": "6_4", "status": 1, "order": 2, "isreset": 0, "isupload": 0, "mltype": null, "issample": 0}}, {"model": "Explore.chatlist", "pk": 62, "fields": {"chatlistcode": "7_15", "description": "Yes", "isquestion": 0, "parentchatcode": "6_4", "status": 1, "order": 3, "isreset": 1, "isupload": 0, "mltype": null, "issample": 0}}, {"model": "Explore.chatlist", "pk": 63, "fields": {"chatlistcode": "7_16", "description": "No", "isquestion": 0, "parentchatcode": "6_4", "status": 1, "order": 4, "isreset": 0, "isupload": 0, "mltype": null, "issample": 0}}, {"model": "Explore.chatlist", "pk": 64, "fields": {"chatlistcode": "7_17", "description": "Here's the result of your project", "isquestion": 1, "parentchatcode": "6_5", "status": 1, "order": 1, "isreset": 0, "isupload": 0, "mltype": null, "issample": 0}}, {"model": "Explore.chatlist", "pk": 65, "fields": {"chatlistcode": "7_18", "description": "Would you like to restart another project?", "isquestion": 1, "parentchatcode": "6_5", "status": 1, "order": 2, "isreset": 0, "isupload": 0, "mltype": null, "issample": 0}}, {"model": "Explore.chatlist", "pk": 66, "fields": {"chatlistcode": "7_19", "description": "Yes", "isquestion": 0, "parentchatcode": "6_5", "status": 1, "order": 3, "isreset": 1, "isupload": 0, "mltype": null, "issample": 0}}, {"model": "Explore.chatlist", "pk": 67, "fields": {"chatlistcode": "7_20", "description": "No", "isquestion": 0, "parentchatcode": "6_5", "status": 1, "order": 4, "isreset": 0, "isupload": 0, "mltype": null, "issample": 0}}, {"model": "Explore.chatlist", "pk": 68, "fields": {"chatlistcode": "7_21", "description": "Here's the result of your project", "isquestion": 1, "parentchatcode": "6_6", "status": 1, "order": 1, "isreset": 0, "isupload": 0, "mltype": null, "issample": 0}}, {"model": "Explore.chatlist", "pk": 69, "fields": {"chatlistcode": "7_22", "description": "Would you like to restart another project?", "isquestion": 1, "parentchatcode": "6_6", "status": 1, "order": 2, "isreset": 0, "isupload": 0, "mltype": null, "issample": 0}}, {"model": "Explore.chatlist", "pk": 70, "fields": {"chatlistcode": "7_23", "description": "Yes", "isquestion": 0, "parentchatcode": "6_6", "status": 1, "order": 3, "isreset": 1, "isupload": 0, "mltype": null, "issample": 0}}, {"model": "Explore.chatlist", "pk": 71, "fields": {"chatlistcode": "7_24", "description": "No", "isquestion": 0, "parentchatcode": "6_6", "status": 1, "order": 4, "isreset": 0, "isupload": 0, "mltype": null, "issample": 0}}, {"model": "Explore.chatlist", "pk": 72, "fields": {"chatlistcode": "7_25", "description": "Here's the result of your project", "isquestion": 1, "parentchatcode": "6_7", "status": 1, "order": 1, "isreset": 0, "isupload": 0, "mltype": null, "issample": 0}}, {"model": "Explore.chatlist", "pk": 73, "fields": {"chatlistcode": "7_26", "description": "Would you like to restart another project?", "isquestion": 1, "parentchatcode": "6_7", "status": 1, "order": 2, "isreset": 0, "isupload": 0, "mltype": null, "issample": 0}}, {"model": "Explore.chatlist", "pk": 74, "fields": {"chatlistcode": "7_27", "description": "Yes", "isquestion": 0, "parentchatcode": "6_7", "status": 1, "order": 3, "isreset": 1, "isupload": 0, "mltype": null, "issample": 0}}, {"model": "Explore.chatlist", "pk": 75, "fields": {"chatlistcode": "7_28", "description": "No", "isquestion": 0, "parentchatcode": "6_7", "status": 1, "order": 4, "isreset": 0, "isupload": 0, "mltype": null, "issample": 0}}, {"model": "Explore.chatlist", "pk": 76, "fields": {"chatlistcode": "7_29", "description": "Here's the result of your project", "isquestion": 1, "parentchatcode": "6_8", "status": 1, "order": 1, "isreset": 0, "isupload": 0, "mltype": null, "issample": 0}}, {"model": "Explore.chatlist", "pk": 77, "fields": {"chatlistcode": "7_30", "description": "Would you like to restart another project?", "isquestion": 1, "parentchatcode": "6_8", "status": 1, "order": 2, "isreset": 0, "isupload": 0, "mltype": null, "issample": 0}}, {"model": "Explore.chatlist", "pk": 78, "fields": {"chatlistcode": "7_31", "description": "Yes", "isquestion": 0, "parentchatcode": "6_8", "status": 1, "order": 3, "isreset": 1, "isupload": 0, "mltype": null, "issample": 0}}, {"model": "Explore.chatlist", "pk": 79, "fields": {"chatlistcode": "7_32", "description": "No", "isquestion": 0, "parentchatcode": "6_8", "status": 1, "order": 4, "isreset": 0, "isupload": 0, "mltype": null, "issample": 0}}, {"model": "Explore.chatlist", "pk": 80, "fields": {"chatlistcode": "8_1", "description": "Thank you for using Machine Learning Engine.", "isquestion": 1, "parentchatcode": "7_4", "status": 1, "order": 1, "isreset": 0, "isupload": 0, "mltype": null, "issample": 0}}, {"model": "Explore.chatlist", "pk": 81, "fields": {"chatlistcode": "8_2", "description": "Thank you for using Machine Learning Engine.", "isquestion": 1, "parentchatcode": "7_8", "status": 1, "order": 1, "isreset": 0, "isupload": 0, "mltype": null, "issample": 0}}, {"model": "Explore.chatlist", "pk": 82, "fields": {"chatlistcode": "8_3", "description": "Thank you for using Machine Learning Engine.", "isquestion": 1, "parentchatcode": "7_12", "status": 1, "order": 1, "isreset": 0, "isupload": 0, "mltype": null, "issample": 0}}, {"model": "Explore.chatlist", "pk": 83, "fields": {"chatlistcode": "8_4", "description": "Thank you for using Machine Learning Engine.", "isquestion": 1, "parentchatcode": "7_16", "status": 1, "order": 1, "isreset": 0, "isupload": 0, "mltype": null, "issample": 0}}, {"model": "Explore.chatlist", "pk": 84, "fields": {"chatlistcode": "8_5", "description": "Thank you for using Machine Learning Engine.", "isquestion": 1, "parentchatcode": "7_20", "status": 1, "order": 1, "isreset": 0, "isupload": 0, "mltype": null, "issample": 0}}, {"model": "Explore.chatlist", "pk": 85, "fields": {"chatlistcode": "8_6", "description": "Thank you for using Machine Learning Engine.", "isquestion": 1, "parentchatcode": "7_24", "status": 1, "order": 1, "isreset": 0, "isupload": 0, "mltype": null, "issample": 0}}, {"model": "Explore.chatlist", "pk": 86, "fields": {"chatlistcode": "8_7", "description": "Thank you for using Machine Learning Engine.", "isquestion": 1, "parentchatcode": "7_28", "status": 1, "order": 1, "isreset": 0, "isupload": 0, "mltype": null, "issample": 0}}, {"model": "Explore.chatlist", "pk": 87, "fields": {"chatlistcode": "8_8", "description": "Thank you for using Machine Learning Engine.", "isquestion": 1, "parentchatcode": "7_32", "status": 1, "order": 1, "isreset": 0, "isupload": 0, "mltype": null, "issample": 0}}, {"model": "Explore.chatlist", "pk": 88, "fields": {"chatlistcode": "9_1", "description": "The sample data consists of three variables or inputs i.e. coal price, USD/IDR forex rate, and oil price from November 2012 to September 2021 on monthly measurement. With this data it is possible to explore the relationship between the variables and predict or forecast the unknown coal price given certain known value of USD/IDR forex rate and oil price for a number of period.", "isquestion": 1, "parentchatcode": "5_1", "status": 1, "order": 1, "isreset": 0, "isupload": 0, "mltype": "Regression", "issample": 1}}, {"model": "Explore.chatlist", "pk": 89, "fields": {"chatlistcode": "9_2", "description": "The sample data contains transactions made by credit cards, which consist 1 target variable (class), and three input variables (the transaction amount, credit limit, and income of each credit card holder) that has been transformed to protect sensitive features. Based on the input variables, it is possible to classify and predict whether a transaction is fraudulent (class = 1) or not (class = 0)", "isquestion": 1, "parentchatcode": "5_2", "status": 1, "order": 1, "isreset": 0, "isupload": 0, "mltype": "Probability", "issample": 1}}, {"model": "Explore.chatlist", "pk": 90, "fields": {"chatlistcode": "9_3", "description": "The sample data consists of three variables or inputs i.e. coal price, USD/IDR forex rate, and oil price from November 2012 to September 2021 on monthly measurement. With this data it is possible to explore the relationship between the variables and predict or forecast the unknown coal price given certain known value of USD/IDR forex rate and oil price for a number of period.", "isquestion": 1, "parentchatcode": "5_3", "status": 1, "order": 1, "isreset": 0, "isupload": 0, "mltype": "Regression", "issample": 1}}, {"model": "Explore.chatlist", "pk": 91, "fields": {"chatlistcode": "9_4", "description": "The sample data contains transactions made by credit cards, which consist 1 target variable (class), and three input variables (the transaction amount, credit limit, and income of each credit card holder) that has been transformed to protect sensitive features. Based on the input variables, it is possible to classify and predict whether a transaction is fraudulent (class = 1) or not (class = 0)", "isquestion": 1, "parentchatcode": "5_4", "status": 1, "order": 1, "isreset": 0, "isupload": 0, "mltype": "Probability", "issample": 1}}, {"model": "Explore.chatlist", "pk": 92, "fields": {"chatlistcode": "9_5", "description": "The sample contains data of a malls customer which consists of customer age of the customer, annual income of the customer in thousands of dollar, and spending score assigned by the mall to the customer behaviour and spending nature. With this data, it is possible to group the customers and it can be used to aid growing businesses and check the development of the market.", "isquestion": 1, "parentchatcode": "5_5", "status": 1, "order": 1, "isreset": 0, "isupload": 0, "mltype": "Cluster", "issample": 1}}, {"model": "Explore.chatlist", "pk": 93, "fields": {"chatlistcode": "9_6", "description": "The sample contains data of a malls customer which consists of customer age of the customer, annual income of the customer in thousands of dollar, and spending score assigned by the mall to the customer behaviour and spending nature. With this data and the visualization result, it is possible to analyse the target market. For example, it can be used to analyse which range of age will be the target market for the new business development.", "isquestion": 1, "parentchatcode": "5_6", "status": 1, "order": 1, "isreset": 0, "isupload": 0, "mltype": "Trend", "issample": 1}}, {"model": "Explore.chatlist", "pk": 94, "fields": {"chatlistcode": "9_7", "description": "The sample contains data of a malls customer which consists of customer age of the customer, annual income of the customer in thousands of dollar, and spending score assigned by the mall to the customer behaviour and spending nature. With this data, it is possible to group the customers and it can be used to aid growing businesses and check the development of the market.", "isquestion": 1, "parentchatcode": "5_7", "status": 1, "order": 1, "isreset": 0, "isupload": 0, "mltype": "Cluster", "issample": 1}}, {"model": "Explore.chatlist", "pk": 95, "fields": {"chatlistcode": "9_8", "description": "The sample contains data of a malls customer which consists of customer age of the customer, annual income of the customer in thousands of dollar, and spending score assigned by the mall to the customer behaviour and spending nature. With this data and the visualization result, it is possible to analyse the target market. For example, it can be used to analyse which range of age will be the target market for the new business development.", "isquestion": 1, "parentchatcode": "5_8", "status": 1, "order": 1, "isreset": 0, "isupload": 0, "mltype": "Trend", "issample": 1}}, {"model": "Explore.chatlist", "pk": 96, "fields": {"chatlistcode": "9_9", "description": "Ok let's use the sample data", "isquestion": 0, "parentchatcode": "5_1", "status": 1, "order": 2, "isreset": 0, "isupload": 0, "mltype": "Regression", "issample": 1}}, {"model": "Explore.chatlist", "pk": 97, "fields": {"chatlistcode": "9_10", "description": "I would like to use my own data", "isquestion": 0, "parentchatcode": "5_1", "status": 1, "order": 3, "isreset": 1, "isupload": 0, "mltype": "Regression", "issample": 1}}, {"model": "Explore.chatlist", "pk": 98, "fields": {"chatlistcode": "9_11", "description": "Ok let's use the sample data", "isquestion": 0, "parentchatcode": "5_2", "status": 1, "order": 2, "isreset": 0, "isupload": 0, "mltype": "Probability", "issample": 1}}, {"model": "Explore.chatlist", "pk": 99, "fields": {"chatlistcode": "9_12", "description": "I would like to use my own data", "isquestion": 0, "parentchatcode": "5_2", "status": 1, "order": 3, "isreset": 1, "isupload": 0, "mltype": "Probability", "issample": 1}}, {"model": "Explore.chatlist", "pk": 100, "fields": {"chatlistcode": "9_13", "description": "Ok let's use the sample data", "isquestion": 0, "parentchatcode": "5_3", "status": 1, "order": 2, "isreset": 0, "isupload": 0, "mltype": "Regression", "issample": 1}}, {"model": "Explore.chatlist", "pk": 101, "fields": {"chatlistcode": "9_14", "description": "I would like to use my own data", "isquestion": 0, "parentchatcode": "5_3", "status": 1, "order": 3, "isreset": 1, "isupload": 0, "mltype": "Regression", "issample": 1}}, {"model": "Explore.chatlist", "pk": 102, "fields": {"chatlistcode": "9_15", "description": "Ok let's use the sample data", "isquestion": 0, "parentchatcode": "5_4", "status": 1, "order": 2, "isreset": 0, "isupload": 0, "mltype": "Probability", "issample": 1}}, {"model": "Explore.chatlist", "pk": 103, "fields": {"chatlistcode": "9_16", "description": "I would like to use my own data", "isquestion": 0, "parentchatcode": "5_4", "status": 1, "order": 3, "isreset": 1, "isupload": 0, "mltype": "Probability", "issample": 1}}, {"model": "Explore.chatlist", "pk": 104, "fields": {"chatlistcode": "9_17", "description": "Ok let's use the sample data", "isquestion": 0, "parentchatcode": "5_5", "status": 1, "order": 2, "isreset": 0, "isupload": 0, "mltype": "Cluster", "issample": 1}}, {"model": "Explore.chatlist", "pk": 105, "fields": {"chatlistcode": "9_18", "description": "I would like to use my own data", "isquestion": 0, "parentchatcode": "5_5", "status": 1, "order": 3, "isreset": 1, "isupload": 0, "mltype": "Cluster", "issample": 1}}, {"model": "Explore.chatlist", "pk": 106, "fields": {"chatlistcode": "9_19", "description": "Ok let's use the sample data", "isquestion": 0, "parentchatcode": "5_6", "status": 1, "order": 2, "isreset": 0, "isupload": 0, "mltype": "Trend", "issample": 1}}, {"model": "Explore.chatlist", "pk": 107, "fields": {"chatlistcode": "9_20", "description": "I would like to use my own data", "isquestion": 0, "parentchatcode": "5_6", "status": 1, "order": 3, "isreset": 1, "isupload": 0, "mltype": "Trend", "issample": 1}}, {"model": "Explore.chatlist", "pk": 108, "fields": {"chatlistcode": "9_21", "description": "Ok let's use the sample data", "isquestion": 0, "parentchatcode": "5_7", "status": 1, "order": 2, "isreset": 0, "isupload": 0, "mltype": "Cluster", "issample": 1}}, {"model": "Explore.chatlist", "pk": 109, "fields": {"chatlistcode": "9_22", "description": "I would like to use my own data", "isquestion": 0, "parentchatcode": "5_7", "status": 1, "order": 3, "isreset": 1, "isupload": 0, "mltype": "Cluster", "issample": 1}}, {"model": "Explore.chatlist", "pk": 110, "fields": {"chatlistcode": "9_23", "description": "Ok let's use the sample data", "isquestion": 0, "parentchatcode": "5_8", "status": 1, "order": 2, "isreset": 0, "isupload": 0, "mltype": "Trend", "issample": 1}}, {"model": "Explore.chatlist", "pk": 111, "fields": {"chatlistcode": "9_24", "description": "I would like to use my own data", "isquestion": 0, "parentchatcode": "5_8", "status": 1, "order": 3, "isreset": 1, "isupload": 0, "mltype": "Trend", "issample": 1}}, {"model": "Explore.chatlist", "pk": 112, "fields": {"chatlistcode": "10_1", "description": "Analysing your data with our cool built-in machine learning algorithms, please wait...", "isquestion": 1, "parentchatcode": "9_9", "status": 1, "order": 1, "isreset": 0, "isupload": 0, "mltype": "", "issample": 0}}, {"model": "Explore.chatlist", "pk": 113, "fields": {"chatlistcode": "10_2", "description": "Analysing your data with our cool built-in machine learning algorithms, please wait...", "isquestion": 1, "parentchatcode": "9_11", "status": 1, "order": 1, "isreset": 0, "isupload": 0, "mltype": "", "issample": 0}}, {"model": "Explore.chatlist", "pk": 114, "fields": {"chatlistcode": "10_3", "description": "Analysing your data with our cool built-in machine learning algorithms, please wait...", "isquestion": 1, "parentchatcode": "9_13", "status": 1, "order": 1, "isreset": 0, "isupload": 0, "mltype": "", "issample": 0}}, {"model": "Explore.chatlist", "pk": 115, "fields": {"chatlistcode": "10_4", "description": "Analysing your data with our cool built-in machine learning algorithms, please wait...", "isquestion": 1, "parentchatcode": "9_15", "status": 1, "order": 1, "isreset": 0, "isupload": 0, "mltype": "", "issample": 0}}, {"model": "Explore.chatlist", "pk": 116, "fields": {"chatlistcode": "10_5", "description": "Analysing your data with our cool built-in machine learning algorithms, please wait...", "isquestion": 1, "parentchatcode": "9_17", "status": 1, "order": 1, "isreset": 0, "isupload": 0, "mltype": "", "issample": 0}}, {"model": "Explore.chatlist", "pk": 117, "fields": {"chatlistcode": "10_6", "description": "Analysing your data with our cool built-in machine learning algorithms, please wait...", "isquestion": 1, "parentchatcode": "9_19", "status": 1, "order": 1, "isreset": 0, "isupload": 0, "mltype": "", "issample": 0}}, {"model": "Explore.chatlist", "pk": 118, "fields": {"chatlistcode": "10_7", "description": "Analysing your data with our cool built-in machine learning algorithms, please wait...", "isquestion": 1, "parentchatcode": "9_21", "status": 1, "order": 1, "isreset": 0, "isupload": 0, "mltype": "", "issample": 0}}, {"model": "Explore.chatlist", "pk": 119, "fields": {"chatlistcode": "10_8", "description": "Analysing your data with our cool built-in machine learning algorithms, please wait...", "isquestion": 1, "parentchatcode": "9_23", "status": 1, "order": 1, "isreset": 0, "isupload": 0, "mltype": "", "issample": 0}}, {"model": "Explore.chatlist", "pk": 120, "fields": {"chatlistcode": "11_1", "description": "Here's the result of your project", "isquestion": 1, "parentchatcode": "10_1", "status": 1, "order": 1, "isreset": 0, "isupload": 0, "mltype": "", "issample": 0}}, {"model": "Explore.chatlist", "pk": 121, "fields": {"chatlistcode": "11_2", "description": "Would you like to restart another project?", "isquestion": 1, "parentchatcode": "10_1", "status": 1, "order": 2, "isreset": 0, "isupload": 0, "mltype": "", "issample": 0}}, {"model": "Explore.chatlist", "pk": 122, "fields": {"chatlistcode": "11_3", "description": "Yes", "isquestion": 0, "parentchatcode": "10_1", "status": 1, "order": 3, "isreset": 1, "isupload": 0, "mltype": "", "issample": 0}}, {"model": "Explore.chatlist", "pk": 123, "fields": {"chatlistcode": "11_4", "description": "No", "isquestion": 0, "parentchatcode": "10_1", "status": 1, "order": 4, "isreset": 0, "isupload": 0, "mltype": "", "issample": 0}}, {"model": "Explore.chatlist", "pk": 124, "fields": {"chatlistcode": "11_5", "description": "Here's the result of your project", "isquestion": 1, "parentchatcode": "10_2", "status": 1, "order": 1, "isreset": 0, "isupload": 0, "mltype": "", "issample": 0}}, {"model": "Explore.chatlist", "pk": 125, "fields": {"chatlistcode": "11_6", "description": "Would you like to restart another project?", "isquestion": 1, "parentchatcode": "10_2", "status": 1, "order": 2, "isreset": 0, "isupload": 0, "mltype": "", "issample": 0}}, {"model": "Explore.chatlist", "pk": 126, "fields": {"chatlistcode": "11_7", "description": "Yes", "isquestion": 0, "parentchatcode": "10_2", "status": 1, "order": 3, "isreset": 1, "isupload": 0, "mltype": "", "issample": 0}}, {"model": "Explore.chatlist", "pk": 127, "fields": {"chatlistcode": "11_8", "description": "No", "isquestion": 0, "parentchatcode": "10_2", "status": 1, "order": 4, "isreset": 0, "isupload": 0, "mltype": "", "issample": 0}}, {"model": "Explore.chatlist", "pk": 128, "fields": {"chatlistcode": "11_9", "description": "Here's the result of your project", "isquestion": 1, "parentchatcode": "10_3", "status": 1, "order": 1, "isreset": 0, "isupload": 0, "mltype": "", "issample": 0}}, {"model": "Explore.chatlist", "pk": 129, "fields": {"chatlistcode": "11_10", "description": "Would you like to restart another project?", "isquestion": 1, "parentchatcode": "10_3", "status": 1, "order": 2, "isreset": 0, "isupload": 0, "mltype": "", "issample": 0}}, {"model": "Explore.chatlist", "pk": 130, "fields": {"chatlistcode": "11_11", "description": "Yes", "isquestion": 0, "parentchatcode": "10_3", "status": 1, "order": 3, "isreset": 1, "isupload": 0, "mltype": "", "issample": 0}}, {"model": "Explore.chatlist", "pk": 131, "fields": {"chatlistcode": "11_12", "description": "No", "isquestion": 0, "parentchatcode": "10_3", "status": 1, "order": 4, "isreset": 0, "isupload": 0, "mltype": "", "issample": 0}}, {"model": "Explore.chatlist", "pk": 132, "fields": {"chatlistcode": "11_13", "description": "Here's the result of your project", "isquestion": 1, "parentchatcode": "10_4", "status": 1, "order": 1, "isreset": 0, "isupload": 0, "mltype": "", "issample": 0}}, {"model": "Explore.chatlist", "pk": 133, "fields": {"chatlistcode": "11_14", "description": "Would you like to restart another project?", "isquestion": 1, "parentchatcode": "10_4", "status": 1, "order": 2, "isreset": 0, "isupload": 0, "mltype": "", "issample": 0}}, {"model": "Explore.chatlist", "pk": 134, "fields": {"chatlistcode": "11_15", "description": "Yes", "isquestion": 0, "parentchatcode": "10_4", "status": 1, "order": 3, "isreset": 1, "isupload": 0, "mltype": "", "issample": 0}}, {"model": "Explore.chatlist", "pk": 135, "fields": {"chatlistcode": "11_16", "description": "No", "isquestion": 0, "parentchatcode": "10_4", "status": 1, "order": 4, "isreset": 0, "isupload": 0, "mltype": "", "issample": 0}}, {"model": "Explore.chatlist", "pk": 136, "fields": {"chatlistcode": "11_17", "description": "Here's the result of your project", "isquestion": 1, "parentchatcode": "10_5", "status": 1, "order": 1, "isreset": 0, "isupload": 0, "mltype": "", "issample": 0}}, {"model": "Explore.chatlist", "pk": 137, "fields": {"chatlistcode": "11_18", "description": "Would you like to restart another project?", "isquestion": 1, "parentchatcode": "10_5", "status": 1, "order": 2, "isreset": 0, "isupload": 0, "mltype": "", "issample": 0}}, {"model": "Explore.chatlist", "pk": 138, "fields": {"chatlistcode": "11_19", "description": "Yes", "isquestion": 0, "parentchatcode": "10_5", "status": 1, "order": 3, "isreset": 1, "isupload": 0, "mltype": "", "issample": 0}}, {"model": "Explore.chatlist", "pk": 139, "fields": {"chatlistcode": "11_20", "description": "No", "isquestion": 0, "parentchatcode": "10_5", "status": 1, "order": 4, "isreset": 0, "isupload": 0, "mltype": "", "issample": 0}}, {"model": "Explore.chatlist", "pk": 140, "fields": {"chatlistcode": "11_21", "description": "Here's the result of your project", "isquestion": 1, "parentchatcode": "10_6", "status": 1, "order": 1, "isreset": 0, "isupload": 0, "mltype": "", "issample": 0}}, {"model": "Explore.chatlist", "pk": 141, "fields": {"chatlistcode": "11_22", "description": "Would you like to restart another project?", "isquestion": 1, "parentchatcode": "10_6", "status": 1, "order": 2, "isreset": 0, "isupload": 0, "mltype": "", "issample": 0}}, {"model": "Explore.chatlist", "pk": 142, "fields": {"chatlistcode": "11_23", "description": "Yes", "isquestion": 0, "parentchatcode": "10_6", "status": 1, "order": 3, "isreset": 1, "isupload": 0, "mltype": "", "issample": 0}}, {"model": "Explore.chatlist", "pk": 143, "fields": {"chatlistcode": "11_24", "description": "No", "isquestion": 0, "parentchatcode": "10_6", "status": 1, "order": 4, "isreset": 0, "isupload": 0, "mltype": "", "issample": 0}}, {"model": "Explore.chatlist", "pk": 144, "fields": {"chatlistcode": "11_25", "description": "Here's the result of your project", "isquestion": 1, "parentchatcode": "10_7", "status": 1, "order": 1, "isreset": 0, "isupload": 0, "mltype": "", "issample": 0}}, {"model": "Explore.chatlist", "pk": 145, "fields": {"chatlistcode": "11_26", "description": "Would you like to restart another project?", "isquestion": 1, "parentchatcode": "10_7", "status": 1, "order": 2, "isreset": 0, "isupload": 0, "mltype": "", "issample": 0}}, {"model": "Explore.chatlist", "pk": 146, "fields": {"chatlistcode": "11_27", "description": "Yes", "isquestion": 0, "parentchatcode": "10_7", "status": 1, "order": 3, "isreset": 1, "isupload": 0, "mltype": "", "issample": 0}}, {"model": "Explore.chatlist", "pk": 147, "fields": {"chatlistcode": "11_28", "description": "No", "isquestion": 0, "parentchatcode": "10_7", "status": 1, "order": 4, "isreset": 0, "isupload": 0, "mltype": "", "issample": 0}}, {"model": "Explore.chatlist", "pk": 148, "fields": {"chatlistcode": "11_29", "description": "Here's the result of your project", "isquestion": 1, "parentchatcode": "10_8", "status": 1, "order": 1, "isreset": 0, "isupload": 0, "mltype": "", "issample": 0}}, {"model": "Explore.chatlist", "pk": 149, "fields": {"chatlistcode": "11_30", "description": "Would you like to restart another project?", "isquestion": 1, "parentchatcode": "10_8", "status": 1, "order": 2, "isreset": 0, "isupload": 0, "mltype": "", "issample": 0}}, {"model": "Explore.chatlist", "pk": 150, "fields": {"chatlistcode": "11_31", "description": "Yes", "isquestion": 0, "parentchatcode": "10_8", "status": 1, "order": 3, "isreset": 1, "isupload": 0, "mltype": "", "issample": 0}}, {"model": "Explore.chatlist", "pk": 151, "fields": {"chatlistcode": "11_32", "description": "No", "isquestion": 0, "parentchatcode": "10_8", "status": 1, "order": 4, "isreset": 0, "isupload": 0, "mltype": "", "issample": 0}}, {"model": "Contact.contactus", "pk": 1, "fields": {"name": "", "job": "", "company": "", "email": "", "submittime": "2022-09-26T05:40:33Z"}}, {"model": "Contact.contactus", "pk": 2, "fields": {"name": "TestInsert", "job": "TestInsert", "company": "TestInsert", "email": "TestInsert@mail.com", "submittime": "2022-09-27T09:55:06Z"}}, {"model": "Contact.contactus", "pk": 3, "fields": {"name": "", "job": "", "company": "", "email": "", "submittime": "2023-02-27T09:58:08Z"}}, {"model": "Contact.contactus", "pk": 4, "fields": {"name": "", "job": "", "company": "", "email": "", "submittime": "2023-03-10T15:18:45Z"}}, {"model": "Contact.contactus", "pk": 5, "fields": {"name": "", "job": "", "company": "", "email": "", "submittime": "2023-03-15T11:44:19Z"}}]